Family,GTDB_Domain,NCBI_Domain,Database_Presence,Match_Status,Anchor_Type,GTDB_Genome_Count,GTDB_Species_Count,NCBI_Genome_Count,NCBI_Species_Count
Abditibacteriaceae,Bacteria,Bacteria,Both,Match,Direct_Name,8,3,26,4
Acanthopleuribacteraceae,Bacteria,Bacteria,Both,Match,Direct_Name,9,6,4,3
Acetobacteraceae,Bacteria,Bacteria,Both,Match,Accession_Mapped_GTDB_to_NCBI+Direct_Name,1658,111,1873,290
Acetomicrobiaceae,Bacteria,Bacteria,Both,Match,Accession_Mapped_GTDB_to_NCBI+Direct_Name,15,1,37,10
Acholeplasmataceae,Bacteria,Bacteria,Both,Match,Accession_Mapped_GTDB_to_NCBI+Direct_Name,200,16,594,118
Acidaminobacteraceae,Bacteria,Bacteria,Both,Match,Direct_Name,55,20,113,5
Acidaminococcaceae,Bacteria,Bacteria,Both,Match,Direct_Name,657,18,1349,39
Acidiferrobacteraceae,Bacteria,Bacteria,Both,Match,Accession_Mapped_GTDB_to_NCBI+Direct_Name,120,3,188,10
Acidilobaceae,Archaea,Archaea,Both,Match,Direct_Name,97,14,201,18
Acidilutibacteraceae,Bacteria,Bacteria,Both,Match,Direct_Name,5,1,1,1
Acidimicrobiaceae,Bacteria,Bacteria,Both,Match,Accession_Mapped_GTDB_to_NCBI+Direct_Name,310,8,2361,42
Acidithiobacillaceae,Bacteria,Bacteria,Both,Match,Direct_Name,252,5,281,39
Acidobacteriaceae,Bacteria,Bacteria,Both,Match,Accession_Mapped_GTDB_to_NCBI+Direct_Name,618,41,2248,108
Acidothermaceae,Bacteria,Bacteria,Both,Match,Direct_Name,7,3,20,4
Actinomycetaceae,Bacteria,Bacteria,Both,Match,Direct_Name,977,35,1627,261
Actinopolymorphaceae,Bacteria,Bacteria,Both,Match,Direct_Name,9,3,18,10
Acutalibacteraceae,Bacteria,Bacteria,Both,Match,Direct_Name,5635,162,1793,50
Aerococcaceae,Bacteria,Bacteria,Both,Match,Direct_Name,467,21,479,96
Aeromonadaceae,Bacteria,Bacteria,Both,Match,Direct_Name,1301,12,3845,314
Aestuariirhabdaceae,Bacteria,Bacteria,Both,Match,Direct_Name,5,1,4,3
Aestuariivirgaceae,Bacteria,Bacteria,Both,Match,Direct_Name,110,10,115,7
Afifellaceae,Bacteria,Bacteria,Both,Match,Direct_Name,19,4,23,10
Aggregatilineaceae,Bacteria,Bacteria,Both,Match,Direct_Name,19,12,13,3
Ahniellaceae,Bacteria,Bacteria,Both,Match,Direct_Name,25,7,7,1
Akkermansiaceae,Bacteria,Bacteria,Both,Match,Accession_Mapped_GTDB_to_NCBI+Direct_Name,2106,16,3461,128
Alcaligenaceae,Bacteria,Bacteria,Both,Match,Accession_Mapped_GTDB_to_NCBI,231,31,4024,313
Alcanivoracaceae,Bacteria,Bacteria,Both,Match,Direct_Name,194,8,411,114
Algiphilaceae,Bacteria,Bacteria,Both,Match,Direct_Name,5,1,20,4
Alicyclobacillaceae,Bacteria,Bacteria,Both,Match,Accession_Mapped_GTDB_to_NCBI+Direct_Name,73,18,124,57
Alkalispirochaetaceae,Bacteria,Bacteria,Both,Match,Direct_Name,13,2,6,1
Alteromonadaceae,Bacteria,Bacteria,Both,Match,Direct_Name,1645,60,1054,286
Aminiphilaceae,Bacteria,Bacteria,Both,Match,Direct_Name,7,3,5,3
Aminithiophilaceae,Bacteria,Bacteria,Both,Match,Direct_Name,12,1,1,1
Aminobacteriaceae,Bacteria,Bacteria,Both,Match,Direct_Name,184,20,135,30
Amoebophilaceae,Bacteria,Bacteria,Both,Match,Direct_Name,31,7,40,23
Amorphaceae,Bacteria,Bacteria,Both,Match,Direct_Name,13,2,13,11
Amphibacillaceae,Bacteria,Bacteria,Both,Match,Direct_Name,321,44,1,1
Anaerobacaceae,Bacteria,Bacteria,Both,Match,Direct_Name,116,0,1,1
Anaerohalosphaeraceae,Bacteria,Bacteria,Both,Match,Accession_Mapped_GTDB_to_NCBI+Direct_Name,52,16,43,3
Anaerolineaceae,Bacteria,Bacteria,Both,Match,Accession_Mapped_GTDB_to_NCBI+Direct_Name,261,46,1292,95
Anaeromyxobacteraceae,Bacteria,Bacteria,Both,Match,Accession_Mapped_GTDB_to_NCBI+Direct_Name,55,6,140,20
Anaeroplasmataceae,Bacteria,Bacteria,Both,Match,Accession_Mapped_GTDB_to_NCBI+Direct_Name,615,8,589,5
Anaerosomataceae,Bacteria,Bacteria,Both,Match,Direct_Name,40,11,2,2
Anaerotignaceae,Bacteria,Bacteria,Both,Match,Direct_Name,583,18,436,10
Anaerovoracaceae,Bacteria,Bacteria,Both,Match,Accession_Mapped_GTDB_to_NCBI+Direct_Name,1142,106,805,66
Anaplasmataceae,Bacteria,Bacteria,Both,Match,Accession_Mapped_GTDB_to_NCBI+Direct_Name,1462,9,1864,385
Ancalomicrobiaceae,Bacteria,Bacteria,Both,Match,Direct_Name,24,6,14,8
Anoxybacillaceae,Bacteria,Bacteria,Both,Match,Direct_Name,263,8,360,121
Antricoccaceae,Bacteria,Bacteria,Both,Match,Direct_Name,6,3,3,2
Aphanothecaceae,Bacteria,Bacteria,Both,Match,Accession_Mapped_GTDB_to_NCBI,4,3,60,21
Aquaspirillaceae,Bacteria,Bacteria,Both,Match,Direct_Name,66,5,81,9
Aquificaceae,Bacteria,Bacteria,Both,Match,Accession_Mapped_GTDB_to_NCBI+Direct_Name,100,11,309,28
Aquisalimonadaceae,Bacteria,Bacteria,Both,Match,Direct_Name,26,5,4,1
Archaeoglobaceae,Archaea,Archaea,Both,Match,Accession_Mapped_GTDB_to_NCBI+Direct_Name,102,14,232,40
Arcobacteraceae,Bacteria,Bacteria,Both,Match,Direct_Name,511,20,915,81
Ardenticatenaceae,Bacteria,Bacteria,Both,Match,Direct_Name,20,6,79,4
Arenicellaceae,Bacteria,Bacteria,Both,Match,Direct_Name,40,3,55,7
Aristaeellaceae,Bacteria,Bacteria,Both,Match,Direct_Name,1021,54,4,2
Armatimonadaceae,Bacteria,Bacteria,Both,Match,Direct_Name,18,9,23,4
Atopobiaceae,Bacteria,Bacteria,Both,Match,Direct_Name,1094,37,1395,154
Atribacteraceae,Bacteria,Bacteria,Both,Match,Direct_Name,16,3,13,7
Azospirillaceae,Bacteria,Bacteria,Both,Match,Accession_Mapped_GTDB_to_NCBI+Direct_Name,166,17,341,93
Bacillaceae,Bacteria,Bacteria,Both,Match,Accession_Mapped_GTDB_to_NCBI+Direct_Name,8564,56,17983,2898
Bacillales Family X. Incertae Sedis,Bacteria,Bacteria,Both,Match,Accession_Mapped_GTDB_to_NCBI,13,3,18,6
Bacteriovoracaceae,Bacteria,Bacteria,Both,Match,Accession_Mapped_GTDB_to_NCBI+Direct_Name,207,54,327,43
Bacteroidaceae,Bacteria,Bacteria,Both,Match,Accession_Mapped_GTDB_to_NCBI+Direct_Name,15545,39,16288,367
Balneolaceae,Bacteria,Bacteria,Both,Match,Accession_Mapped_GTDB_to_NCBI+Direct_Name,202,22,426,82
Barnesiellaceae,Bacteria,Bacteria,Both,Match,Direct_Name,180,4,496,23
Beijerinckiaceae,Bacteria,Bacteria,Both,Match,Direct_Name,1113,45,276,31
Bernardetiaceae,Bacteria,Bacteria,Both,Match,Direct_Name,10,4,16,8
Beutenbergiaceae,Bacteria,Bacteria,Both,Match,Direct_Name,38,11,19,8
Bianqueaceae,Bacteria,Bacteria,Both,Match,Direct_Name,67,6,8,2
Bifidobacteriaceae,Bacteria,Bacteria,Both,Match,Accession_Mapped_GTDB_to_NCBI+Direct_Name,3723,15,8126,374
Blastochloridaceae,Bacteria,Bacteria,Both,Match,Accession_Mapped_GTDB_to_NCBI,7,3,16,6
Blattabacteriaceae,Bacteria,Bacteria,Both,Match,Direct_Name,100,7,97,13
Borreliaceae,Bacteria,Bacteria,Both,Match,Accession_Mapped_GTDB_to_NCBI+Direct_Name,542,2,917,48
Brachyspiraceae,Bacteria,Bacteria,Both,Match,Accession_Mapped_GTDB_to_NCBI+Direct_Name,305,3,403,18
Bradymonadaceae,Bacteria,Bacteria,Both,Match,Direct_Name,30,13,28,5
Brevibacteriaceae,Bacteria,Bacteria,Both,Match,Direct_Name,230,4,296,101
Brevinemataceae,Bacteria,Bacteria,Both,Match,Accession_Mapped_GTDB_to_NCBI+Direct_Name,6,1,8,3
Breznakiellaceae,Bacteria,Bacteria,Both,Match,Direct_Name,253,57,7,4
Bryobacteraceae,Bacteria,Bacteria,Both,Match,Direct_Name,414,81,426,10
Burkholderiaceae,Bacteria,Bacteria,Both,Match,Accession_Mapped_GTDB_to_NCBI+Direct_Name,15903,323,12198,1162
Butyricicoccaceae,Bacteria,Bacteria,Both,Match,Direct_Name,645,18,693,65
Caedimonadaceae,Bacteria,Bacteria,Both,Match,Direct_Name,8,2,7,4
Calderihabitantaceae,Bacteria,Bacteria,Both,Match,Direct_Name,1,1,1,1
Caldicellulosiruptoraceae,Bacteria,Bacteria,Both,Match,Direct_Name,36,1,38,15
Caldicoprobacteraceae,Bacteria,Bacteria,Both,Match,Direct_Name,15,2,8,7
Caldilineaceae,Bacteria,Bacteria,Both,Match,Accession_Mapped_GTDB_to_NCBI+Direct_Name,132,22,308,24
Caldisericaceae,Bacteria,Bacteria,Both,Match,Direct_Name,37,9,35,6
Calditerrivibrionaceae,Bacteria,Bacteria,Both,Match,Direct_Name,6,1,6,2
Calditrichaceae,Bacteria,Bacteria,Both,Match,Accession_Mapped_GTDB_to_NCBI+Direct_Name,21,11,74,6
Caminicellaceae,Bacteria,Bacteria,Both,Match,Direct_Name,15,7,13,6
Campylobacteraceae,Bacteria,Bacteria,Both,Match,Accession_Mapped_GTDB_to_NCBI+Direct_Name,5856,8,138607,314
Capsulimonadaceae,Bacteria,Bacteria,Both,Match,Direct_Name,7,5,11,3
Carbonactinosporaceae,Bacteria,Bacteria,Both,Match,Direct_Name,4,1,4,1
Cardiobacteriaceae,Bacteria,Bacteria,Both,Match,Direct_Name,32,9,89,14
Carnobacteriaceae,Bacteria,Bacteria,Both,Match,Direct_Name,201,14,766,128
Casimicrobiaceae,Bacteria,Bacteria,Both,Match,Direct_Name,130,8,173,3
Catenulisporaceae,Bacteria,Bacteria,Both,Match,Direct_Name,13,3,20,13
Caulobacteraceae,Bacteria,Bacteria,Both,Match,Direct_Name,861,24,1679,295
Celerinatantimonadaceae,Bacteria,Bacteria,Both,Match,Direct_Name,23,4,6,5
Cellulomonadaceae,Bacteria,Bacteria,Both,Match,Direct_Name,391,23,333,153
Cellulosilyticaceae,Bacteria,Bacteria,Both,Match,Direct_Name,69,13,34,10
Cellvibrionaceae,Bacteria,Bacteria,Both,Match,Direct_Name,229,32,268,96
Cerasicoccaceae,Bacteria,Bacteria,Both,Match,Direct_Name,10,3,10,8
Chamaesiphonaceae,Bacteria,Bacteria,Both,Match,Direct_Name,14,2,42,27
Chitinibacteraceae,Bacteria,Bacteria,Both,Match,Direct_Name,55,11,87,60
Chitinispirillaceae,Bacteria,Bacteria,Both,Match,Direct_Name,33,13,22,3
Chitinivibrionaceae,Bacteria,Bacteria,Both,Match,Direct_Name,1,1,1,1
Chitinophagaceae,Bacteria,Bacteria,Both,Match,Accession_Mapped_GTDB_to_NCBI+Direct_Name,1877,94,3560,323
Chlamydiaceae,Bacteria,Bacteria,Both,Match,Accession_Mapped_GTDB_to_NCBI+Direct_Name,496,4,785,32
Chlorobiaceae,Bacteria,Bacteria,Both,Match,Accession_Mapped_GTDB_to_NCBI+Direct_Name,523,4,658,36
Chloroflexaceae,Bacteria,Bacteria,Both,Match,Accession_Mapped_GTDB_to_NCBI+Direct_Name,88,19,92,11
Chloroherpetonaceae,Bacteria,Bacteria,Both,Match,Accession_Mapped_GTDB_to_NCBI+Direct_Name,4,2,29,5
Christensenellaceae,Bacteria,Bacteria,Both,Match,Accession_Mapped_GTDB_to_NCBI+Direct_Name,108,11,4053,118
Chromatiaceae,Bacteria,Bacteria,Both,Match,Accession_Mapped_GTDB_to_NCBI+Direct_Name,135,28,487,137
Chromobacteriaceae,Bacteria,Bacteria,Both,Match,Direct_Name,185,10,212,80
Chroococcaceae,Bacteria,Bacteria,Both,Match,Accession_Mapped_GTDB_to_NCBI,3,1,22,15
Chroococcidiopsidaceae,Bacteria,Bacteria,Both,Match,Direct_Name,29,7,20,16
Chrysiogenaceae,Bacteria,Bacteria,Both,Match,Direct_Name,4,3,4,3
Chthoniobacteraceae,Bacteria,Bacteria,Both,Match,Accession_Mapped_GTDB_to_NCBI+Direct_Name,91,9,281,8
Chthonomonadaceae,Bacteria,Bacteria,Both,Match,Accession_Mapped_GTDB_to_NCBI+Direct_Name,41,11,156,24
Clostridiaceae,Bacteria,Bacteria,Both,Match,Accession_Mapped_GTDB_to_NCBI+Direct_Name,2945,59,11022,790
Clostridiales Family XVI. Incertae Sedis,Bacteria,Bacteria,Both,Match,Accession_Mapped_GTDB_to_NCBI,5,1,5,4
Clostridiales Family XVII. Incertae Sedis,Bacteria,Bacteria,Both,Match,Accession_Mapped_GTDB_to_NCBI,150,12,126,17
Cohaesibacteraceae,Bacteria,Bacteria,Both,Match,Direct_Name,15,3,38,10
Coleofasciculaceae,Bacteria,Bacteria,Both,Match,Direct_Name,52,13,137,99
Conexibacteraceae,Bacteria,Bacteria,Both,Match,Accession_Mapped_GTDB_to_NCBI,90,13,111,16
Conexivisphaeraceae,Archaea,Archaea,Both,Match,Direct_Name,9,2,1,1
Coprobacillaceae,Bacteria,Bacteria,Both,Match,Direct_Name,927,27,1153,154
Coprothermobacteraceae,Bacteria,Bacteria,Both,Match,Accession_Mapped_GTDB_to_NCBI+Direct_Name,9,2,24,5
Coraliomargaritaceae,Bacteria,Bacteria,Both,Match,Accession_Mapped_GTDB_to_NCBI+Direct_Name,124,11,32,11
Coriobacteriaceae,Bacteria,Bacteria,Both,Match,Accession_Mapped_GTDB_to_NCBI+Direct_Name,2355,6,3827,201
Coxiellaceae,Bacteria,Bacteria,Both,Match,Accession_Mapped_GTDB_to_NCBI+Direct_Name,209,15,465,42
Crenotrichaceae,Bacteria,Bacteria,Both,Match,Accession_Mapped_GTDB_to_NCBI,2,1,38,5
Criblamydiaceae,Bacteria,Bacteria,Both,Match,Direct_Name,6,5,3,3
Crocinitomicaceae,Bacteria,Bacteria,Both,Match,Direct_Name,542,29,653,37
Cryomorphaceae,Bacteria,Bacteria,Both,Match,Accession_Mapped_GTDB_to_NCBI+Direct_Name,9,3,308,23
Cryptosporangiaceae,Bacteria,Bacteria,Both,Match,Accession_Mapped_GTDB_to_NCBI+Direct_Name,3,1,13,8
Culicoidibacteraceae,Bacteria,Bacteria,Both,Match,Direct_Name,2,1,1,1
Cyanothecaceae,Bacteria,Bacteria,Both,Match,Accession_Mapped_GTDB_to_NCBI,2,2,5,4
Cyclobacteriaceae,Bacteria,Bacteria,Both,Match,Direct_Name,665,84,771,135
Cyclonatronaceae,Bacteria,Bacteria,Both,Match,Direct_Name,17,5,8,4
Cytophagaceae,Bacteria,Bacteria,Both,Match,Accession_Mapped_GTDB_to_NCBI+Direct_Name,26,10,341,76
Deferribacteraceae,Bacteria,Bacteria,Both,Match,Accession_Mapped_GTDB_to_NCBI+Direct_Name,2,1,27,8
Deferrisomataceae,Bacteria,Bacteria,Both,Match,Direct_Name,4,2,4,1
Deferrivibrionaceae,Bacteria,Bacteria,Both,Match,Direct_Name,5,1,1,1
Defluviitaleaceae,Bacteria,Bacteria,Both,Match,Accession_Mapped_GTDB_to_NCBI+Direct_Name,12,4,88,5
Dehalococcoidaceae,Bacteria,Bacteria,Both,Match,Accession_Mapped_GTDB_to_NCBI+Direct_Name,57,3,186,23
Deinococcaceae,Bacteria,Bacteria,Both,Match,Accession_Mapped_GTDB_to_NCBI+Direct_Name,199,7,260,128
Demequinaceae,Bacteria,Bacteria,Both,Match,Accession_Mapped_GTDB_to_NCBI+Direct_Name,64,4,90,43
Dermabacteraceae,Bacteria,Bacteria,Both,Match,Direct_Name,139,6,206,79
Dermatophilaceae,Bacteria,Bacteria,Both,Match,Direct_Name,419,59,196,22
Desertifilaceae,Bacteria,Bacteria,Both,Match,Direct_Name,31,3,21,19
Desulfallaceae,Bacteria,Bacteria,Both,Match,Direct_Name,18,5,12,8
Desulfarculaceae,Bacteria,Bacteria,Both,Match,Accession_Mapped_GTDB_to_NCBI+Direct_Name,46,9,50,12
Desulfatibacillaceae,Bacteria,Bacteria,Both,Match,Direct_Name,12,5,15,5
Desulfatiglandaceae,Bacteria,Bacteria,Both,Match,Direct_Name,99,25,20,4
Desulfatirhabdiaceae,Bacteria,Bacteria,Both,Match,Accession_Mapped_GTDB_to_NCBI+Direct_Name,23,3,9,3
Desulfitibacteraceae,Bacteria,Bacteria,Both,Match,Direct_Name,3,1,3,3
Desulfitobacteriaceae,Bacteria,Bacteria,Both,Match,Accession_Mapped_GTDB_to_NCBI+Direct_Name,99,10,127,63
Desulfobaccaceae,Bacteria,Bacteria,Both,Match,Accession_Mapped_GTDB_to_NCBI+Direct_Name,13,2,18,6
Desulfobacteraceae,Bacteria,Bacteria,Both,Match,Accession_Mapped_GTDB_to_NCBI+Direct_Name,159,15,783,73
Desulfobulbaceae,Bacteria,Bacteria,Both,Match,Accession_Mapped_GTDB_to_NCBI+Direct_Name,108,14,439,98
Desulfocapsaceae,Bacteria,Bacteria,Both,Match,Direct_Name,159,18,151,28
Desulfococcaceae,Bacteria,Bacteria,Both,Match,Accession_Mapped_GTDB_to_NCBI+Direct_Name,10,6,43,14
Desulfocucumaceae,Bacteria,Bacteria,Both,Match,Direct_Name,10,5,3,2
Desulfohalobiaceae,Bacteria,Bacteria,Both,Match,Direct_Name,12,6,84,8
Desulfolunaceae,Bacteria,Bacteria,Both,Match,Direct_Name,9,3,6,5
Desulfomicrobiaceae,Bacteria,Bacteria,Both,Match,Direct_Name,38,2,42,13
Desulfomonilaceae,Bacteria,Bacteria,Both,Match,Direct_Name,57,11,65,4
Desulfonatronaceae,Bacteria,Bacteria,Both,Match,Direct_Name,10,1,11,8
Desulfonatronovibrionaceae,Bacteria,Bacteria,Both,Match,Direct_Name,26,2,52,8
Desulfonauticaceae,Bacteria,Bacteria,Both,Match,Direct_Name,7,2,7,5
Desulfoplanaceae,Bacteria,Bacteria,Both,Match,Direct_Name,2,1,6,2
Desulforegulaceae,Bacteria,Bacteria,Both,Match,Direct_Name,1,1,3,2
Desulfosalsimonadaceae,Bacteria,Bacteria,Both,Match,Direct_Name,43,10,29,3
Desulfosarcinaceae,Bacteria,Bacteria,Both,Match,Accession_Mapped_GTDB_to_NCBI+Direct_Name,48,6,73,20
Desulfosudaceae,Bacteria,Bacteria,Both,Match,Direct_Name,2,1,10,2
Desulfotomaculaceae,Bacteria,Bacteria,Both,Match,Accession_Mapped_GTDB_to_NCBI+Direct_Name,21,2,77,35
Desulfovibrionaceae,Bacteria,Bacteria,Both,Match,Accession_Mapped_GTDB_to_NCBI+Direct_Name,1781,47,2733,187
Desulfurellaceae,Bacteria,Bacteria,Both,Match,Accession_Mapped_GTDB_to_NCBI+Direct_Name,7,1,29,7
Desulfuribacillaceae,Bacteria,Bacteria,Both,Match,Direct_Name,3,3,2,2
Desulfurisporaceae,Bacteria,Bacteria,Both,Match,Direct_Name,1,1,3,2
Desulfurivibrionaceae,Bacteria,Bacteria,Both,Match,Direct_Name,159,31,34,1
Desulfurobacteriaceae,Bacteria,Bacteria,Both,Match,Accession_Mapped_GTDB_to_NCBI+Direct_Name,40,7,52,13
Desulfurococcaceae,Archaea,Archaea,Both,Match,Accession_Mapped_GTDB_to_NCBI+Direct_Name,67,16,490,33
Desulfuromonadaceae,Bacteria,Bacteria,Both,Match,Accession_Mapped_GTDB_to_NCBI+Direct_Name,19,4,132,28
Dethiobacteraceae,Bacteria,Bacteria,Both,Match,Direct_Name,36,12,24,5
Dethiosulfovibrionaceae,Bacteria,Bacteria,Both,Match,Direct_Name,47,3,64,18
Devosiaceae,Bacteria,Bacteria,Both,Match,Accession_Mapped_GTDB_to_NCBI+Direct_Name,228,16,334,125
Dialisteraceae,Bacteria,Bacteria,Both,Match,Direct_Name,341,4,3,1
Dictyoglomaceae,Bacteria,Bacteria,Both,Match,Direct_Name,16,3,23,6
Dissulfuribacteraceae,Bacteria,Bacteria,Both,Match,Direct_Name,9,2,2,1
Dissulfurirhabdaceae,Bacteria,Bacteria,Both,Match,Direct_Name,2,1,2,1
Dissulfurispiraceae,Bacteria,Bacteria,Both,Match,Direct_Name,74,14,16,3
Dongiaceae,Bacteria,Bacteria,Both,Match,Direct_Name,25,9,98,12
Dysgonomonadaceae,Bacteria,Bacteria,Both,Match,Accession_Mapped_GTDB_to_NCBI+Direct_Name,368,16,529,104
Ectothiorhodospiraceae,Bacteria,Bacteria,Both,Match,Accession_Mapped_GTDB_to_NCBI+Direct_Name,120,6,455,153
Eggerthellaceae,Bacteria,Bacteria,Both,Match,Accession_Mapped_GTDB_to_NCBI+Direct_Name,1367,53,2266,119
Egibacteraceae,Bacteria,Bacteria,Both,Match,Direct_Name,32,16,18,3
Elainellaceae,Bacteria,Bacteria,Both,Match,Direct_Name,52,20,1,1
Elsteraceae,Bacteria,Bacteria,Both,Match,Direct_Name,12,6,1,1
Elusimicrobiaceae,Bacteria,Bacteria,Both,Match,Accession_Mapped_GTDB_to_NCBI+Direct_Name,332,4,321,8
Emcibacteraceae,Bacteria,Bacteria,Both,Match,Direct_Name,70,5,57,8
Endomicrobiaceae,Bacteria,Bacteria,Both,Match,Direct_Name,129,13,106,39
Endozoicomonadaceae,Bacteria,Bacteria,Both,Match,Accession_Mapped_GTDB_to_NCBI+Direct_Name,49,5,91,54
Enterobacteriaceae,Bacteria,Bacteria,Both,Match,Accession_Mapped_GTDB_to_NCBI+Direct_Name,95395,171,1093115,4021
Enterococcaceae,Bacteria,Bacteria,Both,Match,Accession_Mapped_GTDB_to_NCBI+Direct_Name,8333,15,47640,477
Erysipelotrichaceae,Bacteria,Bacteria,Both,Match,Accession_Mapped_GTDB_to_NCBI+Direct_Name,2415,61,4024,233
Eubacteriaceae,Bacteria,Bacteria,Both,Match,Accession_Mapped_GTDB_to_NCBI+Direct_Name,114,9,3644,177
Euzebyaceae,Bacteria,Bacteria,Both,Match,Direct_Name,3,1,23,5
Feifaniaceae,Bacteria,Bacteria,Both,Match,Direct_Name,21,6,6,2
Ferrovaceae,Bacteria,Bacteria,Both,Match,Direct_Name,243,8,240,9
Ferrovibrionaceae,Bacteria,Bacteria,Both,Match,Direct_Name,22,7,3,1
Fervidicoccaceae,Archaea,Archaea,Both,Match,Direct_Name,13,4,48,3
Fervidobacteriaceae,Bacteria,Bacteria,Both,Match,Direct_Name,60,5,106,30
Fibrobacteraceae,Bacteria,Bacteria,Both,Match,Accession_Mapped_GTDB_to_NCBI+Direct_Name,286,11,453,58
Filifactoraceae,Bacteria,Bacteria,Both,Match,Direct_Name,36,8,202,15
Fimbriimonadaceae,Bacteria,Bacteria,Both,Match,Accession_Mapped_GTDB_to_NCBI+Direct_Name,170,34,154,5
Flammeovirgaceae,Bacteria,Bacteria,Both,Match,Direct_Name,23,6,170,60
Flavobacteriaceae,Bacteria,Bacteria,Both,Match,Accession_Mapped_GTDB_to_NCBI+Direct_Name,5291,241,9920,2136
Flexibacteraceae,Bacteria,Bacteria,Both,Match,Direct_Name,16,6,3,3
Flexistipitaceae,Bacteria,Bacteria,Both,Match,Direct_Name,4,1,6,2
Fontisphaeraceae,Bacteria,Bacteria,Both,Match,Direct_Name,2,1,1,1
Francisellaceae,Bacteria,Bacteria,Both,Match,Accession_Mapped_GTDB_to_NCBI+Direct_Name,1136,11,1373,44
Frankiaceae,Bacteria,Bacteria,Both,Match,Accession_Mapped_GTDB_to_NCBI+Direct_Name,93,7,171,90
Fusobacteriaceae,Bacteria,Bacteria,Both,Match,Direct_Name,542,14,1111,98
Futianiaceae,Bacteria,Bacteria,Both,Match,Direct_Name,1,1,1,1
Gaiellaceae,Bacteria,Bacteria,Both,Match,Direct_Name,168,37,693,7
Gallaecimonadaceae,Bacteria,Bacteria,Both,Match,Direct_Name,5,1,9,6
Gallionellaceae,Bacteria,Bacteria,Both,Match,Accession_Mapped_GTDB_to_NCBI+Direct_Name,351,15,517,51
Gemellaceae,Bacteria,Bacteria,Both,Match,Direct_Name,72,1,131,24
Geminicoccaceae,Bacteria,Bacteria,Both,Match,Accession_Mapped_GTDB_to_NCBI+Direct_Name,50,17,136,17
Geminocystaceae,Bacteria,Bacteria,Both,Match,Accession_Mapped_GTDB_to_NCBI,25,5,51,26
Gemmataceae,Bacteria,Bacteria,Both,Match,Direct_Name,226,42,290,26
Gemmatimonadaceae,Bacteria,Bacteria,Both,Match,Accession_Mapped_GTDB_to_NCBI+Direct_Name,352,40,1142,22
Geoalkalibacteraceae,Bacteria,Bacteria,Both,Match,Direct_Name,8,3,8,4
Geobacteraceae,Bacteria,Bacteria,Both,Match,Accession_Mapped_GTDB_to_NCBI+Direct_Name,97,15,394,85
Geodermatophilaceae,Bacteria,Bacteria,Both,Match,Direct_Name,148,11,213,123
Geopsychrobacteraceae,Bacteria,Bacteria,Both,Match,Direct_Name,60,9,64,9
Geothermobacteraceae,Bacteria,Bacteria,Both,Match,Direct_Name,5,3,7,4
Gloeobacteraceae,Bacteria,Bacteria,Both,Match,Direct_Name,6,3,5,5
Gloeomargaritaceae,Bacteria,Bacteria,Both,Match,Direct_Name,12,2,28,28
Gomphosphaeriaceae,Bacteria,Bacteria,Both,Match,Direct_Name,1,1,1,1
Gottschalkiaceae,Bacteria,Bacteria,Both,Match,Direct_Name,5,3,6,5
Govaniaceae,Bacteria,Bacteria,Both,Match,Direct_Name,4,3,1,1
Granulosicoccaceae,Bacteria,Bacteria,Both,Match,Accession_Mapped_GTDB_to_NCBI+Direct_Name,80,10,154,8
Haladaptataceae,Archaea,Archaea,Both,Match,Direct_Name,38,2,54,46
Halalkalicoccaceae,Archaea,Archaea,Both,Match,Direct_Name,10,2,1,1
Halanaerobiaceae,Bacteria,Bacteria,Both,Match,Accession_Mapped_GTDB_to_NCBI+Direct_Name,37,3,121,21
Halarsenatibacteraceae,Bacteria,Bacteria,Both,Match,Direct_Name,17,3,3,3
Halieaceae,Bacteria,Bacteria,Both,Match,Direct_Name,374,22,963,80
Haliovirgaceae,Bacteria,Bacteria,Both,Match,Direct_Name,1,1,1,1
Haloarculaceae,Archaea,Archaea,Both,Match,Direct_Name,224,21,329,164
Halobacteriaceae,Archaea,Archaea,Both,Match,Direct_Name,65,7,144,46
Halobacteroidaceae,Bacteria,Bacteria,Both,Match,Accession_Mapped_GTDB_to_NCBI+Direct_Name,10,5,31,20
Halococcaceae,Archaea,Archaea,Both,Match,Direct_Name,20,1,35,24
Haloferacaceae,Archaea,Archaea,Both,Match,Direct_Name,336,26,503,273
Halomonadaceae,Bacteria,Bacteria,Both,Match,Direct_Name,688,24,998,459
Haloplasmataceae,Bacteria,Bacteria,Both,Match,Direct_Name,8,4,12,5
Halorutilaceae,Archaea,Archaea,Both,Match,Direct_Name,5,2,1,1
Halothecacae,Bacteria,Bacteria,Both,Match,Accession_Mapped_GTDB_to_NCBI,32,4,12,6
Halothermotrichaceae,Bacteria,Bacteria,Both,Match,Accession_Mapped_GTDB_to_NCBI+Direct_Name,1,1,8,6
Halothiobacillaceae,Bacteria,Bacteria,Both,Match,Accession_Mapped_GTDB_to_NCBI+Direct_Name,55,5,87,22
Helicobacteraceae,Bacteria,Bacteria,Both,Match,Accession_Mapped_GTDB_to_NCBI+Direct_Name,3795,15,8092,106
Heliobacteriaceae,Bacteria,Bacteria,Both,Match,Accession_Mapped_GTDB_to_NCBI+Direct_Name,12,5,31,13
Herpetosiphonaceae,Bacteria,Bacteria,Both,Match,Direct_Name,9,4,27,8
Hippeaceae,Bacteria,Bacteria,Both,Match,Accession_Mapped_GTDB_to_NCBI+Direct_Name,28,4,17,6
Holophagaceae,Bacteria,Bacteria,Both,Match,Direct_Name,245,8,361,32
Holosporaceae,Bacteria,Bacteria,Both,Match,Accession_Mapped_GTDB_to_NCBI+Direct_Name,12,5,80,18
Hujiaoplasmataceae,Bacteria,Bacteria,Both,Match,Direct_Name,55,0,1,1
Hydrogenimonadaceae,Bacteria,Bacteria,Both,Match,Direct_Name,28,1,19,5
Hydrogenothermaceae,Bacteria,Bacteria,Both,Match,Direct_Name,57,9,100,15
Hymenobacteraceae,Bacteria,Bacteria,Both,Match,Direct_Name,252,8,362,235
Hyphomicrobiaceae,Bacteria,Bacteria,Both,Match,Accession_Mapped_GTDB_to_NCBI+Direct_Name,174,25,760,78
Hyphomonadaceae,Bacteria,Bacteria,Both,Match,Accession_Mapped_GTDB_to_NCBI+Direct_Name,218,10,605,99
Iamiaceae,Bacteria,Bacteria,Both,Match,Direct_Name,26,12,65,14
Ichthyobacteriaceae,Bacteria,Bacteria,Both,Match,Accession_Mapped_GTDB_to_NCBI+Direct_Name,1,1,6,2
Ignatzschineriaceae,Bacteria,Bacteria,Both,Match,Accession_Mapped_GTDB_to_NCBI,63,5,72,17
Ignavibacteriaceae,Bacteria,Bacteria,Both,Match,Accession_Mapped_GTDB_to_NCBI+Direct_Name,251,34,373,5
Ilumatobacteraceae,Bacteria,Bacteria,Both,Match,Direct_Name,597,29,851,12
Immundisolibacteraceae,Bacteria,Bacteria,Both,Match,Direct_Name,11,2,26,3
Inquilinaceae,Bacteria,Bacteria,Both,Match,Direct_Name,18,10,5,1
Isosphaeraceae,Bacteria,Bacteria,Both,Match,Accession_Mapped_GTDB_to_NCBI+Direct_Name,90,23,213,23
Jatrophihabitantaceae,Bacteria,Bacteria,Both,Match,Direct_Name,30,13,99,9
Jiangellaceae,Bacteria,Bacteria,Both,Match,Direct_Name,28,6,53,21
Kaistiaceae,Bacteria,Bacteria,Both,Match,Direct_Name,36,8,92,23
Kallotenuaceae,Bacteria,Bacteria,Both,Match,Direct_Name,15,3,2,2
Kangiellaceae,Bacteria,Bacteria,Both,Match,Accession_Mapped_GTDB_to_NCBI+Direct_Name,51,7,84,18
Ketobacteraceae,Bacteria,Bacteria,Both,Match,Direct_Name,36,5,15,6
Kiloniellaceae,Bacteria,Bacteria,Both,Match,Accession_Mapped_GTDB_to_NCBI+Direct_Name,26,6,94,15
Kineosporiaceae,Bacteria,Bacteria,Both,Match,Accession_Mapped_GTDB_to_NCBI+Direct_Name,19,7,103,57
Kiritimatiellaceae,Bacteria,Bacteria,Both,Match,Direct_Name,1,1,15,4
Kofleriaceae,Bacteria,Bacteria,Both,Match,Accession_Mapped_GTDB_to_NCBI,62,10,167,6
Koleobacteraceae,Bacteria,Bacteria,Both,Match,Direct_Name,5,2,1,1
Kordiimonadaceae,Bacteria,Bacteria,Both,Match,Direct_Name,42,6,83,22
Kosmotogaceae,Bacteria,Bacteria,Both,Match,Direct_Name,94,5,131,32
Kribbellaceae,Bacteria,Bacteria,Both,Match,Direct_Name,39,1,135,100
Ktedonobacteraceae,Bacteria,Bacteria,Both,Match,Accession_Mapped_GTDB_to_NCBI+Direct_Name,55,17,171,15
Lachnospiraceae,Bacteria,Bacteria,Both,Match,Accession_Mapped_GTDB_to_NCBI+Direct_Name,35105,347,42345,1444
Lacipirellulaceae,Bacteria,Bacteria,Both,Match,Direct_Name,54,15,54,20
Lactobacillaceae,Bacteria,Bacteria,Both,Match,Direct_Name,11685,40,16494,712
Leeiaceae,Bacteria,Bacteria,Both,Match,Direct_Name,4,1,5,4
Legionellaceae,Bacteria,Bacteria,Both,Match,Accession_Mapped_GTDB_to_NCBI+Direct_Name,1421,32,8495,100
Lentimicrobiaceae,Bacteria,Bacteria,Both,Match,Accession_Mapped_GTDB_to_NCBI+Direct_Name,48,1,176,7
Lentisphaeraceae,Bacteria,Bacteria,Both,Match,Accession_Mapped_GTDB_to_NCBI+Direct_Name,7,3,95,9
Leptolyngbyaceae,Bacteria,Bacteria,Both,Match,Accession_Mapped_GTDB_to_NCBI+Direct_Name,67,18,212,148
Leptonemataceae,Bacteria,Bacteria,Both,Match,Direct_Name,45,15,4,1
Leptospiraceae,Bacteria,Bacteria,Both,Match,Accession_Mapped_GTDB_to_NCBI+Direct_Name,956,11,1210,110
Leptotrichiaceae,Bacteria,Bacteria,Both,Match,Direct_Name,141,13,330,46
Limisphaeraceae,Bacteria,Bacteria,Both,Match,Direct_Name,3,1,5,2
Limnochordaceae,Bacteria,Bacteria,Both,Match,Accession_Mapped_GTDB_to_NCBI+Direct_Name,5,1,7,3
Listeriaceae,Bacteria,Bacteria,Both,Match,Direct_Name,5500,3,68449,44
Litorivicinaceae,Bacteria,Bacteria,Both,Match,Direct_Name,86,2,66,4
Longimicrobiaceae,Bacteria,Bacteria,Both,Match,Direct_Name,17,10,82,3
Luteibaculaceae,Bacteria,Bacteria,Both,Match,Direct_Name,1,1,5,3
Lutisporaceae,Bacteria,Bacteria,Both,Match,Direct_Name,32,7,8,3
Lysobacteraceae,Bacteria,Bacteria,Both,Match,Accession_Mapped_GTDB_to_NCBI,4639,53,9860,829
Magnetococcaceae,Bacteria,Bacteria,Both,Match,Direct_Name,2,2,13,13
Magnetospirillaceae,Bacteria,Bacteria,Both,Match,Direct_Name,96,18,11,6
Magnetovibrionaceae,Bacteria,Bacteria,Both,Match,Direct_Name,18,5,32,5
Maliibacteriaceae,Bacteria,Bacteria,Both,Match,Direct_Name,7,2,1,1
Maricaulaceae,Bacteria,Bacteria,Both,Match,Accession_Mapped_GTDB_to_NCBI+Direct_Name,208,18,176,49
Marinicellaceae,Bacteria,Bacteria,Both,Match,Direct_Name,36,3,1,1
Marinifilaceae,Bacteria,Bacteria,Both,Match,Accession_Mapped_GTDB_to_NCBI+Direct_Name,1563,14,79,26
Marinilabiliaceae,Bacteria,Bacteria,Both,Match,Direct_Name,127,20,142,51
Mariprofundaceae,Bacteria,Bacteria,Both,Match,Accession_Mapped_GTDB_to_NCBI+Direct_Name,110,13,101,15
Melioribacteraceae,Bacteria,Bacteria,Both,Match,Accession_Mapped_GTDB_to_NCBI+Direct_Name,163,40,189,18
Mesoaciditogaceae,Bacteria,Bacteria,Both,Match,Direct_Name,22,4,35,6
Metamycoplasmataceae,Bacteria,Bacteria,Both,Match,Direct_Name,956,16,1524,81
Methanobacteriaceae,Archaea,Archaea,Both,Match,Accession_Mapped_GTDB_to_NCBI+Direct_Name,701,23,1214,178
Methanocaldococcaceae,Archaea,Archaea,Both,Match,Direct_Name,18,2,25,12
Methanocellaceae,Archaea,Archaea,Both,Match,Accession_Mapped_GTDB_to_NCBI+Direct_Name,8,3,26,11
Methanococcaceae,Archaea,Archaea,Both,Match,Direct_Name,53,5,64,16
Methanocorpusculaceae,Archaea,Archaea,Both,Match,Direct_Name,152,2,232,23
Methanomassiliicoccaceae,Archaea,Archaea,Both,Match,Accession_Mapped_GTDB_to_NCBI+Direct_Name,47,4,246,83
Methanomethylophilaceae,Archaea,Archaea,Both,Match,Direct_Name,304,16,342,9
Methanomicrobiaceae,Archaea,Archaea,Both,Match,Accession_Mapped_GTDB_to_NCBI+Direct_Name,35,7,258,84
Methanonatronarchaeaceae,Archaea,Archaea,Both,Match,Direct_Name,7,3,4,4
Methanopyraceae,Archaea,Archaea,Both,Match,Direct_Name,9,1,4,3
Methanosarcinaceae,Archaea,Archaea,Both,Match,Direct_Name,307,14,443,135
Methanospirillaceae,Archaea,Archaea,Both,Match,Direct_Name,192,17,58,9
Methanothermaceae,Archaea,Archaea,Both,Match,Direct_Name,1,1,1,1
Methanotrichaceae,Archaea,Archaea,Both,Match,Direct_Name,150,11,365,36
Methermicoccaceae,Archaea,Archaea,Both,Match,Direct_Name,9,2,3,2
Methylacidiphilaceae,Bacteria,Bacteria,Both,Match,Accession_Mapped_GTDB_to_NCBI+Direct_Name,26,3,24,10
Methylococcaceae,Bacteria,Bacteria,Both,Match,Accession_Mapped_GTDB_to_NCBI+Direct_Name,112,14,1004,140
Methyloligellaceae,Bacteria,Bacteria,Both,Match,Direct_Name,57,8,5,1
Methylophagaceae,Bacteria,Bacteria,Both,Match,Direct_Name,132,4,10,1
Methylophilaceae,Bacteria,Bacteria,Both,Match,Direct_Name,641,24,1153,91
Methylopilaceae,Bacteria,Bacteria,Both,Match,Direct_Name,29,5,24,16
Methylothermaceae,Bacteria,Bacteria,Both,Match,Direct_Name,13,1,20,6
Microbacteriaceae,Bacteria,Bacteria,Both,Match,Direct_Name,2688,84,4395,1834
Micrococcaceae,Bacteria,Bacteria,Both,Match,Direct_Name,1595,37,2923,1061
Microcoleaceae,Bacteria,Bacteria,Both,Match,Accession_Mapped_GTDB_to_NCBI+Direct_Name,257,11,568,413
Microcystaceae,Bacteria,Bacteria,Both,Match,Direct_Name,421,12,498,168
Micromonosporaceae,Bacteria,Bacteria,Both,Match,Direct_Name,598,42,1426,819
Micropepsaceae,Bacteria,Bacteria,Both,Match,Direct_Name,209,7,208,5
Microscillaceae,Bacteria,Bacteria,Both,Match,Direct_Name,21,11,12,6
Microthrixaceae,Bacteria,Bacteria,Both,Match,Accession_Mapped_GTDB_to_NCBI,133,21,371,78
Miltoncostaeaceae,Bacteria,Bacteria,Both,Match,Direct_Name,78,12,169,4
Minwuiaceae,Bacteria,Bacteria,Both,Match,Direct_Name,16,3,15,7
Monoglobaceae,Bacteria,Bacteria,Both,Match,Direct_Name,132,12,40,4
Moorellaceae,Bacteria,Bacteria,Both,Match,Direct_Name,44,7,48,16
Moraxellaceae,Bacteria,Bacteria,Both,Match,Accession_Mapped_GTDB_to_NCBI+Direct_Name,12327,22,45481,1177
Moritellaceae,Bacteria,Bacteria,Both,Match,Direct_Name,33,1,38,14
Motilibacteraceae,Bacteria,Bacteria,Both,Match,Direct_Name,5,3,6,6
Mucispirillaceae,Bacteria,Bacteria,Both,Match,Direct_Name,566,3,854,5
Muribaculaceae,Bacteria,Bacteria,Both,Match,Accession_Mapped_GTDB_to_NCBI+Direct_Name,24600,32,23988,64
Mycobacteriaceae,Bacteria,Bacteria,Both,Match,Accession_Mapped_GTDB_to_NCBI+Direct_Name,15323,29,14439,605
Mycoplasmataceae,Bacteria,Bacteria,Both,Match,Accession_Mapped_GTDB_to_NCBI+Direct_Name,241,11,569,142
Mycoplasmoidaceae,Bacteria,Bacteria,Both,Match,Direct_Name,600,12,589,29
Myxococcaceae,Bacteria,Bacteria,Both,Match,Accession_Mapped_GTDB_to_NCBI+Direct_Name,212,30,306,104
Nakamurellaceae,Bacteria,Bacteria,Both,Match,Direct_Name,24,1,55,17
Nannocystaceae,Bacteria,Bacteria,Both,Match,Accession_Mapped_GTDB_to_NCBI+Direct_Name,48,14,100,18
Nanoarchaeaceae,Archaea,Archaea,Both,Match,Accession_Mapped_GTDB_to_NCBI+Direct_Name,1,1,2,2
Natranaerobiaceae,Bacteria,Bacteria,Both,Match,Direct_Name,2,2,3,2
Natranaerofabaceae,Bacteria,Bacteria,Both,Match,Direct_Name,1,1,1,1
Natrialbaceae,Archaea,Archaea,Both,Match,Direct_Name,166,30,199,145
Natronincolaceae,Bacteria,Bacteria,Both,Match,Direct_Name,32,15,32,21
Natronoarchaeaceae,Archaea,Archaea,Both,Match,Accession_Mapped_GTDB_to_NCBI+Direct_Name,4,1,31,19
Natronospiraceae,Bacteria,Bacteria,Both,Match,Direct_Name,6,0,7,5
Natronospirillaceae,Bacteria,Bacteria,Both,Match,Direct_Name,34,9,5,2
Nautiliaceae,Bacteria,Bacteria,Both,Match,Direct_Name,39,5,63,13
Neisseriaceae,Bacteria,Bacteria,Both,Match,Accession_Mapped_GTDB_to_NCBI+Direct_Name,4428,24,58488,225
Neosynechococcaceae,Bacteria,Bacteria,Both,Match,Direct_Name,1,1,1,1
Nevskiaceae,Bacteria,Bacteria,Both,Match,Direct_Name,82,15,195,41
Nitratiruptoraceae,Bacteria,Bacteria,Both,Match,Direct_Name,35,3,40,13
Nitriliruptoraceae,Bacteria,Bacteria,Both,Match,Direct_Name,70,13,116,5
Nitrosomonadaceae,Bacteria,Bacteria,Both,Match,Accession_Mapped_GTDB_to_NCBI+Direct_Name,290,5,536,63
Nitrosopumilaceae,Archaea,Archaea,Both,Match,Direct_Name,617,22,927,51
Nitrososphaeraceae,Archaea,Archaea,Both,Match,Direct_Name,167,13,709,28
Nitrospinaceae,Bacteria,Bacteria,Both,Match,Accession_Mapped_GTDB_to_NCBI+Direct_Name,24,4,279,20
Nitrospiraceae,Bacteria,Bacteria,Both,Match,Accession_Mapped_GTDB_to_NCBI+Direct_Name,365,18,1343,96
Nocardioidaceae,Bacteria,Bacteria,Both,Match,Direct_Name,540,27,1251,413
Nostocaceae,Bacteria,Bacteria,Both,Match,Direct_Name,590,57,453,234
Oceanibaculaceae,Bacteria,Bacteria,Both,Match,Direct_Name,10,1,11,4
Oceanipulchritudinaceae,Bacteria,Bacteria,Both,Match,Direct_Name,21,9,7,2
Oceanococcaceae,Bacteria,Bacteria,Both,Match,Direct_Name,5,2,51,8
Oceanospirillaceae,Bacteria,Bacteria,Both,Match,Accession_Mapped_GTDB_to_NCBI,136,11,974,279
Odoribacteraceae,Bacteria,Bacteria,Both,Match,Accession_Mapped_GTDB_to_NCBI,27,2,1906,43
Oleiphilaceae,Bacteria,Bacteria,Both,Match,Direct_Name,393,19,71,32
Oligoflexaceae,Bacteria,Bacteria,Both,Match,Direct_Name,13,5,15,4
Oligosphaeraceae,Bacteria,Bacteria,Both,Match,Direct_Name,80,15,3,2
Opitutaceae,Bacteria,Bacteria,Both,Match,Accession_Mapped_GTDB_to_NCBI+Direct_Name,709,42,705,50
Oscillatoriaceae,Bacteria,Bacteria,Both,Match,Direct_Name,10,4,85,67
Oscillospiraceae,Bacteria,Bacteria,Both,Match,Accession_Mapped_GTDB_to_NCBI+Direct_Name,7861,118,23787,1040
Ostreibacteriaceae,Bacteria,Bacteria,Both,Match,Direct_Name,1,1,1,1
Paenibacillaceae,Bacteria,Bacteria,Both,Match,Accession_Mapped_GTDB_to_NCBI+Direct_Name,982,18,2609,1127
Paludibacteraceae,Bacteria,Bacteria,Both,Match,Accession_Mapped_GTDB_to_NCBI+Direct_Name,994,33,927,23
Parachlamydiaceae,Bacteria,Bacteria,Both,Match,Direct_Name,61,30,61,20
Paracoccaceae,Bacteria,Bacteria,Both,Match,Accession_Mapped_GTDB_to_NCBI,4590,408,4436,881
Parvibaculaceae,Bacteria,Bacteria,Both,Match,Accession_Mapped_GTDB_to_NCBI+Direct_Name,73,5,228,20
Parvicellaceae,Bacteria,Bacteria,Both,Match,Direct_Name,82,11,12,3
Parvularculaceae,Bacteria,Bacteria,Both,Match,Direct_Name,82,13,149,27
Pasteurellaceae,Bacteria,Bacteria,Both,Match,Direct_Name,3117,46,9033,207
Peptococcaceae,Bacteria,Bacteria,Both,Match,Accession_Mapped_GTDB_to_NCBI+Direct_Name,173,8,585,75
Peptoniphilaceae,Bacteria,Bacteria,Both,Match,Direct_Name,558,50,829,152
Peptostreptococcaceae,Bacteria,Bacteria,Both,Match,Accession_Mapped_GTDB_to_NCBI+Direct_Name,3563,23,23344,132
Petrotogaceae,Bacteria,Bacteria,Both,Match,Direct_Name,55,9,93,42
Phototrophicaceae,Bacteria,Bacteria,Both,Match,Direct_Name,197,24,50,2
Phreatobacteraceae,Bacteria,Bacteria,Both,Match,Accession_Mapped_GTDB_to_NCBI+Direct_Name,16,1,22,8
Phycisphaeraceae,Bacteria,Bacteria,Both,Match,Accession_Mapped_GTDB_to_NCBI+Direct_Name,65,34,374,18
Pirellulaceae,Bacteria,Bacteria,Both,Match,Direct_Name,398,74,928,95
Piscirickettsiaceae,Bacteria,Bacteria,Both,Match,Accession_Mapped_GTDB_to_NCBI+Direct_Name,90,1,511,133
Planctomycetaceae,Bacteria,Bacteria,Both,Match,Accession_Mapped_GTDB_to_NCBI+Direct_Name,339,59,1735,90
Pleomorphomonadaceae,Bacteria,Bacteria,Both,Match,Direct_Name,28,8,27,20
Polyangiaceae,Bacteria,Bacteria,Both,Match,Accession_Mapped_GTDB_to_NCBI+Direct_Name,199,57,463,30
Pontiellaceae,Bacteria,Bacteria,Both,Match,Direct_Name,38,4,47,8
Porphyromonadaceae,Bacteria,Bacteria,Both,Match,Accession_Mapped_GTDB_to_NCBI+Direct_Name,383,2,3747,237
Porticoccaceae,Bacteria,Bacteria,Both,Match,Accession_Mapped_GTDB_to_NCBI+Direct_Name,365,17,569,42
Prevotellaceae,Bacteria,Bacteria,Both,Match,Accession_Mapped_GTDB_to_NCBI,59,1,10599,452
Prochloraceae,Bacteria,Bacteria,Both,Match,Accession_Mapped_GTDB_to_NCBI+Direct_Name,4,1,18,7
Prochlorococcaceae,Bacteria,Bacteria,Both,Match,Accession_Mapped_GTDB_to_NCBI,1427,60,1700,883
Prochlorotrichaceae,Bacteria,Bacteria,Both,Match,Direct_Name,11,3,8,5
Prolixibacteraceae,Bacteria,Bacteria,Both,Match,Accession_Mapped_GTDB_to_NCBI+Direct_Name,279,20,587,53
Promethearchaeaceae,Archaea,Archaea,Both,Match,Accession_Mapped_GTDB_to_NCBI,13,5,10,5
Propionibacteriaceae,Bacteria,Bacteria,Both,Match,Direct_Name,1106,43,3080,183
Proteinivoraceae,Bacteria,Bacteria,Both,Match,Direct_Name,3,2,7,7
Pseudanabaenaceae,Bacteria,Bacteria,Both,Match,Accession_Mapped_GTDB_to_NCBI+Direct_Name,83,8,241,91
Pseudobacteriovoracaceae,Bacteria,Bacteria,Both,Match,Accession_Mapped_GTDB_to_NCBI,33,5,11,2
Pseudobdellovibrionaceae,Bacteria,Bacteria,Both,Match,Accession_Mapped_GTDB_to_NCBI,220,45,631,101
Pseudohongiellaceae,Bacteria,Bacteria,Both,Match,Direct_Name,440,8,156,9
Pseudomonadaceae,Bacteria,Bacteria,Both,Match,Accession_Mapped_GTDB_to_NCBI+Direct_Name,17078,18,52709,3102
Pseudonocardiaceae,Bacteria,Bacteria,Both,Match,Direct_Name,595,47,1124,646
Psittacicellaceae,Bacteria,Bacteria,Both,Match,Direct_Name,4,1,6,4
Psychromonadaceae,Bacteria,Bacteria,Both,Match,Accession_Mapped_GTDB_to_NCBI+Direct_Name,32,2,71,35
Pumilibacteraceae,Bacteria,Bacteria,Both,Match,Direct_Name,679,19,7,4
Puniceicoccaceae,Bacteria,Bacteria,Both,Match,Accession_Mapped_GTDB_to_NCBI+Direct_Name,3,1,127,10
Pyrinomonadaceae,Bacteria,Bacteria,Both,Match,Direct_Name,219,31,741,6
Pyrodictiaceae,Archaea,Archaea,Both,Match,Accession_Mapped_GTDB_to_NCBI+Direct_Name,26,10,69,11
Rectinemataceae,Bacteria,Bacteria,Both,Match,Direct_Name,121,14,79,3
Reichenbachiellaceae,Bacteria,Bacteria,Both,Match,Accession_Mapped_GTDB_to_NCBI,32,3,179,22
Reyranellaceae,Bacteria,Bacteria,Both,Match,Direct_Name,120,6,115,9
Rhizobiaceae,Bacteria,Bacteria,Both,Match,Accession_Mapped_GTDB_to_NCBI+Direct_Name,6932,125,4389,936
Rhodanobacteraceae,Bacteria,Bacteria,Both,Match,Accession_Mapped_GTDB_to_NCBI+Direct_Name,439,25,803,220
Rhodobiaceae,Bacteria,Bacteria,Both,Match,Accession_Mapped_GTDB_to_NCBI+Direct_Name,6,1,228,22
Rhodocyclaceae,Bacteria,Bacteria,Both,Match,Accession_Mapped_GTDB_to_NCBI+Direct_Name,1043,75,591,64
Rhodocytophagaceae,Bacteria,Bacteria,Both,Match,Accession_Mapped_GTDB_to_NCBI,12,3,7,4
Rhodospirillaceae,Bacteria,Bacteria,Both,Match,Accession_Mapped_GTDB_to_NCBI+Direct_Name,134,25,1109,128
Rhodothalassiaceae,Bacteria,Bacteria,Both,Match,Direct_Name,18,5,7,2
Rhodothermaceae,Bacteria,Bacteria,Both,Match,Accession_Mapped_GTDB_to_NCBI+Direct_Name,16,1,81,12
Rhodovibrionaceae,Bacteria,Bacteria,Both,Match,Accession_Mapped_GTDB_to_NCBI+Direct_Name,9,5,54,26
Rickettsiaceae,Bacteria,Bacteria,Both,Match,Accession_Mapped_GTDB_to_NCBI+Direct_Name,299,24,578,147
Rikenellaceae,Bacteria,Bacteria,Both,Match,Accession_Mapped_GTDB_to_NCBI+Direct_Name,6028,23,9612,118
Roseiflexaceae,Bacteria,Bacteria,Both,Match,Direct_Name,66,12,116,13
Roseiterribacteraceae,Bacteria,Bacteria,Both,Match,Accession_Mapped_GTDB_to_NCBI,6,3,1,1
Rubricoccaceae,Bacteria,Bacteria,Both,Match,Direct_Name,14,4,47,10
Rubrobacteraceae,Bacteria,Bacteria,Both,Match,Accession_Mapped_GTDB_to_NCBI+Direct_Name,71,13,191,14
Saccharofermentanaceae,Bacteria,Bacteria,Both,Match,Direct_Name,288,5,6,2
Saccharospirillaceae,Bacteria,Bacteria,Both,Match,Accession_Mapped_GTDB_to_NCBI,14,1,79,26
Salibacteraceae,Bacteria,Bacteria,Both,Match,Direct_Name,99,15,41,3
Salinibacteraceae,Bacteria,Bacteria,Both,Match,Direct_Name,162,9,296,12
Salinicoccaceae,Bacteria,Bacteria,Both,Match,Direct_Name,79,5,10,4
Salinisphaeraceae,Bacteria,Bacteria,Both,Match,Direct_Name,20,3,48,25
Salinivirgaceae,Bacteria,Bacteria,Both,Match,Accession_Mapped_GTDB_to_NCBI+Direct_Name,8,2,36,3
Salisaetaceae,Bacteria,Bacteria,Both,Match,Accession_Mapped_GTDB_to_NCBI,3,1,6,5
Sandaracinaceae,Bacteria,Bacteria,Both,Match,Accession_Mapped_GTDB_to_NCBI+Direct_Name,12,7,85,6
Sanyastnellaceae,Bacteria,Bacteria,Both,Match,Direct_Name,286,0,1,1
Saprospiraceae,Bacteria,Bacteria,Both,Match,Accession_Mapped_GTDB_to_NCBI+Direct_Name,856,123,1441,36
Schleiferiaceae,Bacteria,Bacteria,Both,Match,Direct_Name,355,16,302,5
Sedimenticolaceae,Bacteria,Bacteria,Both,Match,Direct_Name,468,37,869,66
Sedimentisphaeraceae,Bacteria,Bacteria,Both,Match,Direct_Name,7,3,6,5
Sediminispirochaetaceae,Bacteria,Bacteria,Both,Match,Direct_Name,7,2,1,1
Segnochrobactraceae,Bacteria,Bacteria,Both,Match,Accession_Mapped_GTDB_to_NCBI,4,1,10,5
Selenomonadaceae,Bacteria,Bacteria,Both,Match,Direct_Name,730,35,1111,86
Shewanellaceae,Bacteria,Bacteria,Both,Match,Accession_Mapped_GTDB_to_NCBI+Direct_Name,662,6,1015,313
Silvanigrellaceae,Bacteria,Bacteria,Both,Match,Accession_Mapped_GTDB_to_NCBI+Direct_Name,25,5,29,10
Simkaniaceae,Bacteria,Bacteria,Both,Match,Accession_Mapped_GTDB_to_NCBI+Direct_Name,25,8,37,9
Smithellaceae,Bacteria,Bacteria,Both,Match,Accession_Mapped_GTDB_to_NCBI+Direct_Name,120,7,246,16
Sneathiellaceae,Bacteria,Bacteria,Both,Match,Direct_Name,35,2,56,15
Solibacteraceae,Bacteria,Bacteria,Both,Match,Accession_Mapped_GTDB_to_NCBI,27,6,213,13
Solirubrobacteraceae,Bacteria,Bacteria,Both,Match,Direct_Name,284,28,975,12
Sphaerobacteraceae,Bacteria,Bacteria,Both,Match,Accession_Mapped_GTDB_to_NCBI,58,22,35,6
Sphaerochaetaceae,Bacteria,Bacteria,Both,Match,Direct_Name,377,21,382,26
Sphingobacteriaceae,Bacteria,Bacteria,Both,Match,Accession_Mapped_GTDB_to_NCBI+Direct_Name,820,29,1544,558
Sphingomonadaceae,Bacteria,Bacteria,Both,Match,Direct_Name,2673,92,3859,1090
Spirochaetaceae,Bacteria,Bacteria,Both,Match,Accession_Mapped_GTDB_to_NCBI,45,9,674,66
Spiroplasmataceae,Bacteria,Bacteria,Both,Match,Accession_Mapped_GTDB_to_NCBI,16,1,158,118
Spirosomataceae,Bacteria,Bacteria,Both,Match,Direct_Name,375,36,203,109
Spirulinaceae,Bacteria,Bacteria,Both,Match,Direct_Name,16,9,19,14
Spongiibacteraceae,Bacteria,Bacteria,Both,Match,Accession_Mapped_GTDB_to_NCBI+Direct_Name,48,7,180,39
Sporanaerobacteraceae,Bacteria,Bacteria,Both,Match,Direct_Name,17,3,18,8
Sporichthyaceae,Bacteria,Bacteria,Both,Match,Accession_Mapped_GTDB_to_NCBI+Direct_Name,2,1,22,6
Sporolactobacillaceae,Bacteria,Bacteria,Both,Match,Direct_Name,45,10,69,36
Sporomusaceae,Bacteria,Bacteria,Both,Match,Accession_Mapped_GTDB_to_NCBI+Direct_Name,24,2,104,48
Staphylococcaceae,Bacteria,Bacteria,Both,Match,Accession_Mapped_GTDB_to_NCBI+Direct_Name,21933,4,127616,781
Stappiaceae,Bacteria,Bacteria,Both,Match,Direct_Name,182,7,323,128
Stellaceae,Bacteria,Bacteria,Both,Match,Direct_Name,69,11,162,6
Steroidobacteraceae,Bacteria,Bacteria,Both,Match,Accession_Mapped_GTDB_to_NCBI+Direct_Name,597,36,697,13
Streptococcaceae,Bacteria,Bacteria,Both,Match,Direct_Name,21213,11,158092,659
Streptomycetaceae,Bacteria,Bacteria,Both,Match,Direct_Name,3283,13,12413,6996
Streptosporangiaceae,Bacteria,Bacteria,Both,Match,Direct_Name,573,69,962,379
Succinivibrionaceae,Bacteria,Bacteria,Both,Match,Direct_Name,395,14,527,49
Sulfolobaceae,Archaea,Archaea,Both,Match,Direct_Name,190,14,386,67
Sulfuricellaceae,Bacteria,Bacteria,Both,Match,Accession_Mapped_GTDB_to_NCBI+Direct_Name,39,3,86,17
Sulfurifustaceae,Bacteria,Bacteria,Both,Match,Direct_Name,33,11,17,1
Sulfurimonadaceae,Bacteria,Bacteria,Both,Match,Accession_Mapped_GTDB_to_NCBI+Direct_Name,388,20,639,104
Sulfurospirillaceae,Bacteria,Bacteria,Both,Match,Accession_Mapped_GTDB_to_NCBI+Direct_Name,68,5,100,30
Sulfurovaceae,Bacteria,Bacteria,Both,Match,Direct_Name,294,10,421,45
Symbiobacteriaceae,Bacteria,Bacteria,Both,Match,Accession_Mapped_GTDB_to_NCBI+Direct_Name,8,4,30,5
Synechococcaceae,Bacteria,Bacteria,Both,Match,Accession_Mapped_GTDB_to_NCBI+Direct_Name,13,1,1107,518
Synergistaceae,Bacteria,Bacteria,Both,Match,Accession_Mapped_GTDB_to_NCBI+Direct_Name,159,22,475,51
Syntrophaceae,Bacteria,Bacteria,Both,Match,Accession_Mapped_GTDB_to_NCBI+Direct_Name,6,1,371,64
Syntrophobacteraceae,Bacteria,Bacteria,Both,Match,Accession_Mapped_GTDB_to_NCBI+Direct_Name,64,13,139,22
Syntrophomonadaceae,Bacteria,Bacteria,Both,Match,Accession_Mapped_GTDB_to_NCBI+Direct_Name,110,25,406,60
Syntrophorhabdaceae,Bacteria,Bacteria,Both,Match,Accession_Mapped_GTDB_to_NCBI+Direct_Name,77,13,137,14
Syntrophotaleaceae,Bacteria,Bacteria,Both,Match,Direct_Name,20,4,12,6
Tannerellaceae,Bacteria,Bacteria,Both,Match,Accession_Mapped_GTDB_to_NCBI+Direct_Name,1904,16,3142,113
Tenuifilaceae,Bacteria,Bacteria,Both,Match,Direct_Name,73,10,100,7
Tepidamorphaceae,Bacteria,Bacteria,Both,Match,Accession_Mapped_GTDB_to_NCBI+Direct_Name,18,6,13,8
Tepidanaerobacteraceae,Bacteria,Bacteria,Both,Match,Direct_Name,38,6,39,11
Tepidiformaceae,Bacteria,Bacteria,Both,Match,Direct_Name,89,18,64,7
Tepidimicrobiaceae,Bacteria,Bacteria,Both,Match,Direct_Name,27,13,10,6
Tepidisphaeraceae,Bacteria,Bacteria,Both,Match,Direct_Name,45,23,83,5
Terasakiellaceae,Bacteria,Bacteria,Both,Match,Direct_Name,6,1,19,6
Terrimicrobiaceae,Bacteria,Bacteria,Both,Match,Accession_Mapped_GTDB_to_NCBI+Direct_Name,53,6,85,3
Thalassobaculaceae,Bacteria,Bacteria,Both,Match,Direct_Name,71,15,70,14
Thalassospiraceae,Bacteria,Bacteria,Both,Match,Accession_Mapped_GTDB_to_NCBI+Direct_Name,104,1,191,57
Thermaceae,Bacteria,Bacteria,Both,Match,Accession_Mapped_GTDB_to_NCBI+Direct_Name,184,6,315,60
Thermacetogeniaceae,Bacteria,Bacteria,Both,Match,Direct_Name,42,8,4,1
Thermincolaceae,Bacteria,Bacteria,Both,Match,Accession_Mapped_GTDB_to_NCBI+Direct_Name,2,1,10,3
Thermithiobacillaceae,Bacteria,Bacteria,Both,Match,Direct_Name,1,1,3,2
Thermoactinomycetaceae,Bacteria,Bacteria,Both,Match,Accession_Mapped_GTDB_to_NCBI+Direct_Name,54,15,104,64
Thermoanaerobacteraceae,Bacteria,Bacteria,Both,Match,Accession_Mapped_GTDB_to_NCBI+Direct_Name,70,4,134,58
Thermoanaerobaculaceae,Bacteria,Bacteria,Both,Match,Accession_Mapped_GTDB_to_NCBI+Direct_Name,40,6,39,4
Thermococcaceae,Archaea,Archaea,Both,Match,Direct_Name,161,6,221,79
Thermodesulfatatoraceae,Bacteria,Bacteria,Both,Match,Accession_Mapped_GTDB_to_NCBI+Direct_Name,16,4,33,5
Thermodesulfobacteriaceae,Bacteria,Bacteria,Both,Match,Accession_Mapped_GTDB_to_NCBI+Direct_Name,62,7,84,21
Thermodesulfobiaceae,Bacteria,Bacteria,Both,Match,Direct_Name,7,1,11,4
Thermodesulforhabdaceae,Bacteria,Bacteria,Both,Match,Direct_Name,5,4,3,2
Thermodesulfovibrionaceae,Bacteria,Bacteria,Both,Match,Accession_Mapped_GTDB_to_NCBI+Direct_Name,31,1,75,14
Thermofilaceae,Archaea,Archaea,Both,Match,Accession_Mapped_GTDB_to_NCBI+Direct_Name,32,10,173,14
Thermoflexaceae,Bacteria,Bacteria,Both,Match,Accession_Mapped_GTDB_to_NCBI+Direct_Name,18,1,92,7
Thermoflexibacteraceae,Bacteria,Bacteria,Both,Match,Direct_Name,14,7,4,4
Thermoguttaceae,Bacteria,Bacteria,Both,Match,Direct_Name,180,43,177,5
Thermohalobacteraceae,Bacteria,Bacteria,Both,Match,Accession_Mapped_GTDB_to_NCBI+Direct_Name,8,2,16,10
Thermoleophilaceae,Bacteria,Bacteria,Both,Match,Accession_Mapped_GTDB_to_NCBI+Direct_Name,42,15,283,4
Thermomicrobiaceae,Bacteria,Bacteria,Both,Match,Direct_Name,38,7,42,8
Thermonemataceae,Bacteria,Bacteria,Both,Match,Direct_Name,13,4,5,4
Thermoplasmataceae,Archaea,Archaea,Both,Match,Direct_Name,691,24,43,6
Thermoproteaceae,Archaea,Archaea,Both,Match,Accession_Mapped_GTDB_to_NCBI+Direct_Name,40,3,212,49
Thermosediminibacteraceae,Bacteria,Bacteria,Both,Match,Direct_Name,9,8,7,7
Thermospiraceae,Bacteria,Bacteria,Both,Match,Direct_Name,5,1,1,1
Thermostichaceae,Bacteria,Bacteria,Both,Match,Direct_Name,17,3,12,11
Thermosulfidibacteraceae,Bacteria,Bacteria,Both,Match,Accession_Mapped_GTDB_to_NCBI+Direct_Name,8,4,4,3
Thermosynechococcaceae,Bacteria,Bacteria,Both,Match,Direct_Name,55,11,66,51
Thermosynergistaceae,Bacteria,Bacteria,Both,Match,Direct_Name,12,1,8,1
Thermotaleaceae,Bacteria,Bacteria,Both,Match,Direct_Name,20,11,16,13
Thermotogaceae,Bacteria,Bacteria,Both,Match,Accession_Mapped_GTDB_to_NCBI+Direct_Name,47,6,149,34
Thermotomaculaceae,Bacteria,Bacteria,Both,Match,Direct_Name,10,2,1,1
Thermovirgaceae,Bacteria,Bacteria,Both,Match,Direct_Name,51,5,27,4
Thiobacillaceae,Bacteria,Bacteria,Both,Match,Accession_Mapped_GTDB_to_NCBI+Direct_Name,253,13,262,32
Thiobacteraceae,Bacteria,Bacteria,Both,Match,Direct_Name,12,0,1,1
Thiohalobacteraceae,Bacteria,Bacteria,Both,Match,Accession_Mapped_GTDB_to_NCBI+Direct_Name,4,1,40,6
Thiohalomonadaceae,Bacteria,Bacteria,Both,Match,Accession_Mapped_GTDB_to_NCBI+Direct_Name,21,1,53,5
Thiohalorhabdaceae,Bacteria,Bacteria,Both,Match,Direct_Name,3,1,9,4
Thiohalospiraceae,Bacteria,Bacteria,Both,Match,Direct_Name,1,1,11,2
Thiotrichaceae,Bacteria,Bacteria,Both,Match,Accession_Mapped_GTDB_to_NCBI+Direct_Name,90,8,328,73
Tichowtungiaceae,Bacteria,Bacteria,Both,Match,Direct_Name,19,1,4,2
Tindalliaceae,Bacteria,Bacteria,Both,Match,Direct_Name,11,2,6,4
Tissierellaceae,Bacteria,Bacteria,Both,Match,Accession_Mapped_GTDB_to_NCBI+Direct_Name,60,15,128,31
Treponemataceae,Bacteria,Bacteria,Both,Match,Direct_Name,1288,22,2361,131
Trichloromonadaceae,Bacteria,Bacteria,Both,Match,Direct_Name,7,2,11,2
Trichocoleusaceae,Bacteria,Bacteria,Both,Match,Accession_Mapped_GTDB_to_NCBI,5,1,26,21
Trueperaceae,Bacteria,Bacteria,Both,Match,Direct_Name,65,18,147,6
Turicibacteraceae,Bacteria,Bacteria,Both,Match,Direct_Name,313,3,638,17
Usitatibacteraceae,Bacteria,Bacteria,Both,Match,Direct_Name,69,9,82,4
Vallitaleaceae,Bacteria,Bacteria,Both,Match,Direct_Name,35,10,30,10
Vampirovibrionaceae,Bacteria,Bacteria,Both,Match,Direct_Name,16,7,2,2
Veillonellaceae,Bacteria,Bacteria,Both,Match,Accession_Mapped_GTDB_to_NCBI+Direct_Name,498,4,2513,171
Verrucomicrobia subdivision 6,Bacteria,Bacteria,Both,Match,Accession_Mapped_GTDB_to_NCBI,58,1,30,7
Verrucomicrobiaceae,Bacteria,Bacteria,Both,Match,Accession_Mapped_GTDB_to_NCBI+Direct_Name,121,12,526,72
Vibrionaceae,Bacteria,Bacteria,Both,Match,Direct_Name,7565,14,35178,1051
Vicinamibacteraceae,Bacteria,Bacteria,Both,Match,Accession_Mapped_GTDB_to_NCBI+Direct_Name,13,3,58,6
Vicingaceae,Bacteria,Bacteria,Both,Match,Accession_Mapped_GTDB_to_NCBI+Direct_Name,103,16,51,4
Victivallaceae,Bacteria,Bacteria,Both,Match,Accession_Mapped_GTDB_to_NCBI+Direct_Name,224,20,191,8
Vulgatibacteraceae,Bacteria,Bacteria,Both,Match,Direct_Name,3,3,7,3
Waddliaceae,Bacteria,Bacteria,Both,Match,Accession_Mapped_GTDB_to_NCBI+Direct_Name,4,1,25,3
Weeksellaceae,Bacteria,Bacteria,Both,Match,Accession_Mapped_GTDB_to_NCBI+Direct_Name,1390,50,2998,503
Wenzhouxiangellaceae,Bacteria,Bacteria,Both,Match,Direct_Name,76,7,142,17
Williamwhitmaniaceae,Bacteria,Bacteria,Both,Match,Direct_Name,1,1,4,2
Woeseiaceae,Bacteria,Bacteria,Both,Match,Accession_Mapped_GTDB_to_NCBI+Direct_Name,173,22,530,8
Xanthobacteraceae,Bacteria,Bacteria,Both,Match,Direct_Name,1411,51,744,130
Xenococcaceae,Bacteria,Bacteria,Both,Match,Direct_Name,35,8,11,10
Xylanivirgaceae,Bacteria,Bacteria,Both,Match,Direct_Name,6,3,2,1
Zavarziniaceae,Bacteria,Bacteria,Both,Match,Direct_Name,12,3,9,4
Zhaonellaceae,Bacteria,Bacteria,Both,Match,Direct_Name,2,2,1,1
Zooshikellaceae,Bacteria,Bacteria,Both,Match,Direct_Name,9,2,9,5
Aeolococcaceae,Bacteria,,GTDB_Only,No_Match,None,69,0,0,0
Arandabacteraceae,Bacteria,,GTDB_Only,No_Match,None,7,0,0,0
Australimonadaceae,Bacteria,,GTDB_Only,No_Match,None,43,0,0,0
Bacilli,Bacteria,,GTDB_Only,No_Match,None,1,0,0,0
Bathycorpusculaceae,Archaea,,GTDB_Only,No_Match,None,127,0,0,0
Blakebacteraceae,Bacteria,,GTDB_Only,No_Match,None,5,0,0,0
Chloroheliaceae,Bacteria,,GTDB_Only,No_Match,None,8,0,0,0
Cyanobacteriota,Bacteria,,GTDB_Only,No_Match,None,13,0,0,0
DNKR01,Bacteria,,GTDB_Only,No_Match,None,1,0,0,0
Eutrophobiaceae,Bacteria,,GTDB_Only,No_Match,None,109,0,0,0
Fermentithermobacillaceae,Bacteria,,GTDB_Only,No_Match,None,29,0,0,0
HRBIN24,Bacteria,,GTDB_Only,No_Match,None,5,1,0,0
Joyebacteraceae,Bacteria,,GTDB_Only,No_Match,None,33,0,0,0
Kaftiobacteriaceae,Bacteria,,GTDB_Only,No_Match,None,17,0,0,0
Lucifugimonadaceae,Bacteria,,GTDB_Only,No_Match,None,111,0,0,0
Oceanimicrobiaceae,Bacteria,,GTDB_Only,No_Match,None,7,0,0,0
Orphanbacteraceae,Bacteria,,GTDB_Only,No_Match,None,9,0,0,0
Patescibacteriaceae,Bacteria,,GTDB_Only,No_Match,None,26,0,0,0
Persebacteraceae,Bacteria,,GTDB_Only,No_Match,None,4,0,0,0
Spirochaetia,Bacteria,,GTDB_Only,No_Match,None,27,0,0,0
Vulcanimicrobiia,Bacteria,,GTDB_Only,No_Match,None,204,0,0,0
Abyssicoccaceae,,Bacteria,NCBI_Only,No_Match,None,0,0,3,1
Acaryochloridaceae,,Bacteria,NCBI_Only,No_Match,None,0,0,25,19
Acetonemataceae,,Bacteria,NCBI_Only,No_Match,None,0,0,6,5
Acidocellaceae,,Bacteria,NCBI_Only,No_Match,None,0,0,215,46
Ackermannviridae,,Unknown,NCBI_Only,No_Match,None,0,0,208,156
Actinopolysporaceae,,Bacteria,NCBI_Only,No_Match,None,0,0,15,13
Actinospicaceae,,Bacteria,NCBI_Only,No_Match,None,0,0,24,7
Adenoviridae,,Unknown,NCBI_Only,No_Match,None,0,0,2424,129
Adintoviridae,,Unknown,NCBI_Only,No_Match,None,0,0,11,11
Aerosakkonemataceae,,Bacteria,NCBI_Only,No_Match,None,0,0,11,10
Aggregaviridae,,Unknown,NCBI_Only,No_Match,None,0,0,1,1
Ahmunviridae,,Unknown,NCBI_Only,No_Match,None,0,0,1,1
Ahpuchviridae,,Unknown,NCBI_Only,No_Match,None,0,0,1,1
Ahrensiaceae,,Bacteria,NCBI_Only,No_Match,None,0,0,79,21
Aliceevansviridae,,Unknown,NCBI_Only,No_Match,None,0,0,214,209
Aliterellaceae,,Bacteria,NCBI_Only,No_Match,None,0,0,5,4
Aliusviridae,,Unknown,NCBI_Only,No_Match,None,0,0,12,12
Alloherpesviridae,,Unknown,NCBI_Only,No_Match,None,0,0,47,16
Allomimiviridae,,Unknown,NCBI_Only,No_Match,None,0,0,2,2
Alphaflexiviridae,,Unknown,NCBI_Only,No_Match,None,0,0,85,83
Alphasatellitidae,,Unknown,NCBI_Only,No_Match,None,0,0,208,164
Alphatetraviridae,,Unknown,NCBI_Only,No_Match,None,0,0,6,6
Alsobacteraceae,,Bacteria,NCBI_Only,No_Match,None,0,0,23,6
Alternaviridae,,Unknown,NCBI_Only,No_Match,None,0,0,7,7
Alvernaviridae,,Unknown,NCBI_Only,No_Match,None,0,0,1,1
Amalgaviridae,,Unknown,NCBI_Only,No_Match,None,0,0,79,78
Amesuviridae,,Unknown,NCBI_Only,No_Match,None,0,0,3,2
Amnoonviridae,,Unknown,NCBI_Only,No_Match,None,0,0,1,1
Ampullaviridae,,Unknown,NCBI_Only,No_Match,None,0,0,3,3
Anaerodiviridae,,Unknown,NCBI_Only,No_Match,None,0,0,2,2
Anelloviridae,,Unknown,NCBI_Only,No_Match,None,0,0,633,169
Anthocerotibacteraceae,,Bacteria,NCBI_Only,No_Match,None,0,0,3,2
Aoguangviridae,,Unknown,NCBI_Only,No_Match,None,0,0,1,1
Aphanizomenonaceae,,Bacteria,NCBI_Only,No_Match,None,0,0,393,76
Archangiaceae,,Bacteria,NCBI_Only,No_Match,None,0,0,110,25
Arenaviridae,,Unknown,NCBI_Only,No_Match,None,0,0,77,62
Arenbergviridae,,Unknown,NCBI_Only,No_Match,None,0,0,10,10
Arteriviridae,,Unknown,NCBI_Only,No_Match,None,0,0,35,31
Artoviridae,,Unknown,NCBI_Only,No_Match,None,0,0,8,8
Ascoviridae,,Unknown,NCBI_Only,No_Match,None,0,0,12,7
Asfarviridae,,Unknown,NCBI_Only,No_Match,None,0,0,348,1
Aspiviridae,,Unknown,NCBI_Only,No_Match,None,0,0,8,8
Assiduviridae,,Unknown,NCBI_Only,No_Match,None,0,0,4,4
Astroviridae,,Unknown,NCBI_Only,No_Match,None,0,0,171,128
Atkinsviridae,,Unknown,NCBI_Only,No_Match,None,0,0,91,91
Atrimonadaceae,,Bacteria,NCBI_Only,No_Match,None,0,0,2,2
Aurantibacillaceae,,Bacteria,NCBI_Only,No_Match,None,0,0,1,1
Aurantimonadaceae,,Bacteria,NCBI_Only,No_Match,None,0,0,152,88
Autographiviridae,,Unknown,NCBI_Only,No_Match,None,0,0,1862,1580
Autolykiviridae,,Unknown,NCBI_Only,No_Match,None,0,0,21,21
Avsunviroidae,,Unknown,NCBI_Only,No_Match,None,0,0,7,5
Azonexaceae,,Bacteria,NCBI_Only,No_Match,None,0,0,246,33
Bacilladnaviridae,,Unknown,NCBI_Only,No_Match,None,0,0,26,26
Baculoviridae,,Unknown,NCBI_Only,No_Match,None,0,0,149,115
Baekduiaceae,,Bacteria,NCBI_Only,No_Match,None,0,0,27,5
Balneatrichaceae,,Bacteria,NCBI_Only,No_Match,None,0,0,10,5
Balneicellaceae,,Bacteria,NCBI_Only,No_Match,None,0,0,1,1
Barnaviridae,,Unknown,NCBI_Only,No_Match,None,0,0,1,1
Bartonellaceae,,Bacteria,NCBI_Only,No_Match,None,0,0,555,278
Beduinellaceae,,Bacteria,NCBI_Only,No_Match,None,0,0,1,1
Benyviridae,,Unknown,NCBI_Only,No_Match,None,0,0,9,8
Betaflexiviridae,,Unknown,NCBI_Only,No_Match,None,0,0,211,201
Bicaudaviridae,,Unknown,NCBI_Only,No_Match,None,0,0,10,9
Bidnaviridae,,Unknown,NCBI_Only,No_Match,None,0,0,4,3
Birnaviridae,,Unknown,NCBI_Only,No_Match,None,0,0,25,18
Blastocatellaceae,,Bacteria,NCBI_Only,No_Match,None,0,0,53,3
Blumeviridae,,Unknown,NCBI_Only,No_Match,None,0,0,35,35
Bogoriellaceae,,Bacteria,NCBI_Only,No_Match,None,0,0,51,32
Bornaviridae,,Unknown,NCBI_Only,No_Match,None,0,0,43,13
Boseaceae,,Bacteria,NCBI_Only,No_Match,None,0,0,151,75
Botourmiaviridae,,Unknown,NCBI_Only,No_Match,None,0,0,305,293
Bromoviridae,,Unknown,NCBI_Only,No_Match,None,0,0,310,61
Brucellaceae,,Bacteria,NCBI_Only,No_Match,None,0,0,1895,222
Bruguierivoracaceae,,Bacteria,NCBI_Only,No_Match,None,0,0,44,35
Budviciaceae,,Bacteria,NCBI_Only,No_Match,None,0,0,33,12
Caldisphaeraceae,,Archaea,NCBI_Only,No_Match,None,0,0,13,2
Caliciviridae,,Unknown,NCBI_Only,No_Match,None,0,0,1047,43
Calotrichaceae,,Bacteria,NCBI_Only,No_Match,None,0,0,52,37
Capillimicrobiaceae,,Bacteria,NCBI_Only,No_Match,None,0,0,4,2
Carmotetraviridae,,Unknown,NCBI_Only,No_Match,None,0,0,1,1
Caryophanaceae,,Bacteria,NCBI_Only,No_Match,None,0,0,641,324
Casjensviridae,,Unknown,NCBI_Only,No_Match,None,0,0,162,149
Catalimonadaceae,,Bacteria,NCBI_Only,No_Match,None,0,0,22,9
Caulimoviridae,,Unknown,NCBI_Only,No_Match,None,0,0,141,133
Cesiribacteraceae,,Bacteria,NCBI_Only,No_Match,None,0,0,5,5
Chaacviridae,,Unknown,NCBI_Only,No_Match,None,0,0,3,3
Chaseviridae,,Unknown,NCBI_Only,No_Match,None,0,0,63,52
Chelatococcaceae,,Bacteria,NCBI_Only,No_Match,None,0,0,42,21
Chlorogloeopsidaceae,,Bacteria,NCBI_Only,No_Match,None,0,0,8,3
Chryseotaleaceae,,Bacteria,NCBI_Only,No_Match,None,0,0,26,8
Chrysoviridae,,Unknown,NCBI_Only,No_Match,None,0,0,47,36
Chuviridae,,Unknown,NCBI_Only,No_Match,None,0,0,65,65
Circoviridae,,Unknown,NCBI_Only,No_Match,None,0,0,4355,358
Clavaviridae,,Unknown,NCBI_Only,No_Match,None,0,0,1,1
Closteroviridae,,Unknown,NCBI_Only,No_Match,None,0,0,90,83
Coelosphaeriaceae,,Bacteria,NCBI_Only,No_Match,None,0,0,15,4
Colwelliaceae,,Bacteria,NCBI_Only,No_Match,None,0,0,293,142
Comamonadaceae,,Bacteria,NCBI_Only,No_Match,None,0,0,4629,841
Coralliovaceae,,Bacteria,NCBI_Only,No_Match,None,0,0,1,1
Coronaviridae,,Unknown,NCBI_Only,No_Match,None,0,0,13022,162
Corticoviridae,,Unknown,NCBI_Only,No_Match,None,0,0,17,16
Corynebacteriaceae,,Bacteria,NCBI_Only,No_Match,None,0,0,3859,569
Cremegaviridae,,Unknown,NCBI_Only,No_Match,None,0,0,2,2
Crepuscuviridae,,Unknown,NCBI_Only,No_Match,None,0,0,1,1
Crevaviridae,,Unknown,NCBI_Only,No_Match,None,0,0,4,4
Cruliviridae,,Unknown,NCBI_Only,No_Match,None,0,0,3,3
Cuniculiplasmataceae,,Archaea,NCBI_Only,No_Match,None,0,0,9,3
Curvulaviridae,,Unknown,NCBI_Only,No_Match,None,0,0,8,8
Cyanomargaritaceae,,Bacteria,NCBI_Only,No_Match,None,0,0,1,1
Cymatolegaceae,,Bacteria,NCBI_Only,No_Match,None,0,0,13,9
Cystoviridae,,Unknown,NCBI_Only,No_Match,None,0,0,22,16
Deltaflexiviridae,,Unknown,NCBI_Only,No_Match,None,0,0,16,15
Demerecviridae,,Unknown,NCBI_Only,No_Match,None,0,0,362,326
Dermacoccaceae,,Bacteria,NCBI_Only,No_Match,None,0,0,88,51
Dermocarpellaceae,,Bacteria,NCBI_Only,No_Match,None,0,0,2,2
Desulfoarculaceae,,Bacteria,NCBI_Only,No_Match,None,0,0,1,1
Desulfobacteriaceae,,Bacteria,NCBI_Only,No_Match,None,0,0,16,3
Desulfothermaceae,,Bacteria,NCBI_Only,No_Match,None,0,0,1,1
Dicistroviridae,,Unknown,NCBI_Only,No_Match,None,0,0,102,97
Dictyobacteraceae,,Bacteria,NCBI_Only,No_Match,None,0,0,14,10
Dietziaceae,,Bacteria,NCBI_Only,No_Match,None,0,0,158,53
Discoviridae,,Unknown,NCBI_Only,No_Match,None,0,0,6,5
Drexlerviridae,,Unknown,NCBI_Only,No_Match,None,0,0,486,409
Druskaviridae,,Unknown,NCBI_Only,No_Match,None,0,0,5,5
Duinviridae,,Unknown,NCBI_Only,No_Match,None,0,0,6,6
Duneviridae,,Unknown,NCBI_Only,No_Match,None,0,0,17,17
Echinimonadaceae,,Bacteria,NCBI_Only,No_Match,None,0,0,5,4
Egicoccaceae,,Bacteria,NCBI_Only,No_Match,None,0,0,6,4
Ekchuahviridae,,Unknown,NCBI_Only,No_Match,None,0,0,2,2
Elioraeaceae,,Bacteria,NCBI_Only,No_Match,None,0,0,23,7
Endornaviridae,,Unknown,NCBI_Only,No_Match,None,0,0,79,75
Entomoplasmataceae,,Bacteria,NCBI_Only,No_Match,None,0,0,45,24
Entophysalidaceae,,Bacteria,NCBI_Only,No_Match,None,0,0,3,2
Erwiniaceae,,Bacteria,NCBI_Only,No_Match,None,0,0,2186,437
Erythrobacteraceae,,Bacteria,NCBI_Only,No_Match,None,0,0,957,315
Eubacteriales Family IV. Incertae Sedis,,Bacteria,NCBI_Only,No_Match,None,0,0,1,1
Eubacteriales Family XII. Incertae Sedis,,Bacteria,NCBI_Only,No_Match,None,0,0,19,11
Euroniviridae,,Unknown,NCBI_Only,No_Match,None,0,0,3,3
Fastidiosibacteraceae,,Bacteria,NCBI_Only,No_Match,None,0,0,24,14
Ferrimonadaceae,,Bacteria,NCBI_Only,No_Match,None,0,0,34,18
Ferroplasmaceae,,Archaea,NCBI_Only,No_Match,None,0,0,119,10
Fervensviridae,,Unknown,NCBI_Only,No_Match,None,0,0,1,1
Fidelibacteraceae,,Bacteria,NCBI_Only,No_Match,None,0,0,1,1
Fiersviridae,,Unknown,NCBI_Only,No_Match,None,0,0,464,320
Filoviridae,,Unknown,NCBI_Only,No_Match,None,0,0,27,15
Fimoviridae,,Unknown,NCBI_Only,No_Match,None,0,0,32,32
Finnlakeviridae,,Unknown,NCBI_Only,No_Match,None,0,0,1,1
Flaviviridae,,Unknown,NCBI_Only,No_Match,None,0,0,1420,233
Flectobacillaceae,,Bacteria,NCBI_Only,No_Match,None,0,0,122,37
Fluviibacteraceae,,Bacteria,NCBI_Only,No_Match,None,0,0,13,2
Forsetiviridae,,Unknown,NCBI_Only,No_Match,None,0,0,15,15
Fortieaceae,,Bacteria,NCBI_Only,No_Match,None,0,0,13,11
Fredfastierviridae,,Unknown,NCBI_Only,No_Match,None,0,0,11,10
Fulvivirgaceae,,Bacteria,NCBI_Only,No_Match,None,0,0,133,31
Fusariviridae,,Unknown,NCBI_Only,No_Match,None,0,0,55,52
Fuselloviridae,,Unknown,NCBI_Only,No_Match,None,0,0,52,16
Gammaflexiviridae,,Unknown,NCBI_Only,No_Match,None,0,0,4,3
Gaopeijiaceae,,Bacteria,NCBI_Only,No_Match,None,0,0,4,1
Geitlerinemataceae,,Bacteria,NCBI_Only,No_Match,None,0,0,12,11
Geminiviridae,,Unknown,NCBI_Only,No_Match,None,0,0,1430,683
Genomoviridae,,Unknown,NCBI_Only,No_Match,None,0,0,549,360
Geochordaceae,,Bacteria,NCBI_Only,No_Match,None,0,0,2,2
Geovibrionaceae,,Bacteria,NCBI_Only,No_Match,None,0,0,15,8
Globuloviridae,,Unknown,NCBI_Only,No_Match,None,0,0,4,4
Gloeotrichiaceae,,Bacteria,NCBI_Only,No_Match,None,0,0,5,1
Glycomycetaceae,,Bacteria,NCBI_Only,No_Match,None,0,0,65,46
Gomontiellaceae,,Bacteria,NCBI_Only,No_Match,None,0,0,9,8
Gordoniaceae,,Bacteria,NCBI_Only,No_Match,None,0,0,319,137
Graaviviridae,,Unknown,NCBI_Only,No_Match,None,0,0,4,4
Gracilibacteraceae,,Bacteria,NCBI_Only,No_Match,None,0,0,14,7
Gresnaviridae,,Unknown,NCBI_Only,No_Match,None,0,0,1,1
Grimontviridae,,Unknown,NCBI_Only,No_Match,None,0,0,17,17
Guelinviridae,,Unknown,NCBI_Only,No_Match,None,0,0,27,25
Guttaviridae,,Unknown,NCBI_Only,No_Match,None,0,0,1,1
Hadakaviridae,,Unknown,NCBI_Only,No_Match,None,0,0,2,1
Hafniaceae,,Bacteria,NCBI_Only,No_Match,None,0,0,482,19
Hafunaviridae,,Unknown,NCBI_Only,No_Match,None,0,0,40,36
Hahellaceae,,Bacteria,NCBI_Only,No_Match,None,0,0,22,15
Haliscomenobacteraceae,,Bacteria,NCBI_Only,No_Match,None,0,0,99,12
Halobacteriovoraceae,,Bacteria,NCBI_Only,No_Match,None,0,0,90,45
Haloferuviridae,,Unknown,NCBI_Only,No_Match,None,0,0,26,26
Halomagnusviridae,,Unknown,NCBI_Only,No_Match,None,0,0,1,1
Halorubellaceae,,Archaea,NCBI_Only,No_Match,None,0,0,15,10
Halspiviridae,,Unknown,NCBI_Only,No_Match,None,0,0,1,1
Hantaviridae,,Unknown,NCBI_Only,No_Match,None,0,0,136,79
Hapalosiphonaceae,,Bacteria,NCBI_Only,No_Match,None,0,0,75,23
Helgolandviridae,,Unknown,NCBI_Only,No_Match,None,0,0,1,1
Hepadnaviridae,,Unknown,NCBI_Only,No_Match,None,0,0,203,32
Hepeviridae,,Unknown,NCBI_Only,No_Match,None,0,0,45,26
Herelleviridae,,Unknown,NCBI_Only,No_Match,None,0,0,548,461
Heteroscytonemataceae,,Bacteria,NCBI_Only,No_Match,None,0,0,1,1
Hoyosellaceae,,Bacteria,NCBI_Only,No_Match,None,0,0,9,7
Hydrococcaceae,,Bacteria,NCBI_Only,No_Match,None,0,0,8,8
Hydrogenophilaceae,,Bacteria,NCBI_Only,No_Match,None,0,0,42,13
Hyellaceae,,Bacteria,NCBI_Only,No_Match,None,0,0,50,22
Hypoviridae,,Unknown,NCBI_Only,No_Match,None,0,0,55,48
Hytrosaviridae,,Unknown,NCBI_Only,No_Match,None,0,0,4,3
Idiomarinaceae,,Bacteria,NCBI_Only,No_Match,None,0,0,263,99
Iflaviridae,,Unknown,NCBI_Only,No_Match,None,0,0,129,123
Inoviridae,,Unknown,NCBI_Only,No_Match,None,0,0,382,227
Intestinicryptomonaceae,,Bacteria,NCBI_Only,No_Match,None,0,0,16,3
Intestiviridae,,Unknown,NCBI_Only,No_Match,None,0,0,32,32
Intrasporangiaceae,,Bacteria,NCBI_Only,No_Match,None,0,0,429,161
Iodidimonadaceae,,Bacteria,NCBI_Only,No_Match,None,0,0,8,7
Iridoviridae,,Unknown,NCBI_Only,No_Match,None,0,0,214,42
Itzamnaviridae,,Unknown,NCBI_Only,No_Match,None,0,0,2,2
Jonesiaceae,,Bacteria,NCBI_Only,No_Match,None,0,0,18,13
Kitaviridae,,Unknown,NCBI_Only,No_Match,None,0,0,15,11
Kleczkowskaviridae,,Unknown,NCBI_Only,No_Match,None,0,0,8,8
Kolmioviridae,,Unknown,NCBI_Only,No_Match,None,0,0,26,15
Konkoviridae,,Unknown,NCBI_Only,No_Match,None,0,0,1,1
Kribbibacteriaceae,,Bacteria,NCBI_Only,No_Match,None,0,0,6,3
Ktedonosporobacteraceae,,Bacteria,NCBI_Only,No_Match,None,0,0,3,2
Kyanoviridae,,Unknown,NCBI_Only,No_Match,None,0,0,386,121
Kytococcaceae,,Bacteria,NCBI_Only,No_Match,None,0,0,22,7
Labilitrichaceae,,Bacteria,NCBI_Only,No_Match,None,0,0,24,3
Laspinemataceae,,Bacteria,NCBI_Only,No_Match,None,0,0,9,4
Lavidaviridae,,Unknown,NCBI_Only,No_Match,None,0,0,28,20
Lawsonellaceae,,Bacteria,NCBI_Only,No_Match,None,0,0,24,3
Leadbetterellaceae,,Bacteria,NCBI_Only,No_Match,None,0,0,85,35
Leishbuviridae,,Unknown,NCBI_Only,No_Match,None,0,0,3,3
Leisingerviridae,,Unknown,NCBI_Only,No_Match,None,0,0,2,2
Lewinellaceae,,Bacteria,NCBI_Only,No_Match,None,0,0,129,24
Lichenihabitantaceae,,Bacteria,NCBI_Only,No_Match,None,0,0,30,10
Lipothrixviridae,,Unknown,NCBI_Only,No_Match,None,0,0,12,10
Lispiviridae,,Unknown,NCBI_Only,No_Match,None,0,0,32,32
Lujinxingiaceae,,Bacteria,NCBI_Only,No_Match,None,0,0,9,4
Lusitaniellaceae,,Bacteria,NCBI_Only,No_Match,None,0,0,1,1
Mabikibacteraceae,,Bacteria,NCBI_Only,No_Match,None,0,0,1,1
Madisaviridae,,Unknown,NCBI_Only,No_Match,None,0,0,1,1
Malacoherpesviridae,,Unknown,NCBI_Only,No_Match,None,0,0,31,3
Mamonoviridae,,Unknown,NCBI_Only,No_Match,None,0,0,2,2
Mangrovivirgaceae,,Bacteria,NCBI_Only,No_Match,None,0,0,2,2
Marinobacteraceae,,Bacteria,NCBI_Only,No_Match,None,0,0,747,206
Marivirgaceae,,Bacteria,NCBI_Only,No_Match,None,0,0,26,11
Marnaviridae,,Unknown,NCBI_Only,No_Match,None,0,0,33,33
Marseilleviridae,,Unknown,NCBI_Only,No_Match,None,0,0,14,13
Matonaviridae,,Unknown,NCBI_Only,No_Match,None,0,0,17,3
Matshushitaviridae,,Unknown,NCBI_Only,No_Match,None,0,0,2,2
Mayoviridae,,Unknown,NCBI_Only,No_Match,None,0,0,9,8
Medioniviridae,,Unknown,NCBI_Only,No_Match,None,0,0,3,3
Megabirnaviridae,,Unknown,NCBI_Only,No_Match,None,0,0,3,3
Merismopediaceae,,Bacteria,NCBI_Only,No_Match,None,0,0,45,21
Mesomimiviridae,,Unknown,NCBI_Only,No_Match,None,0,0,3,3
Mesoniviridae,,Unknown,NCBI_Only,No_Match,None,0,0,23,14
Mesyanzhinovviridae,,Unknown,NCBI_Only,No_Match,None,0,0,67,63
Metaviridae,,Unknown,NCBI_Only,No_Match,None,0,0,4,4
Metaxyviridae,,Unknown,NCBI_Only,No_Match,None,0,0,1,1
Methanocalculaceae,,Archaea,NCBI_Only,No_Match,None,0,0,19,10
Methanoregulaceae,,Archaea,NCBI_Only,No_Match,None,0,0,383,50
Methylobacteriaceae,,Bacteria,NCBI_Only,No_Match,None,0,0,729,329
Methylocystaceae,,Bacteria,NCBI_Only,No_Match,None,0,0,189,50
Methylohalomonadaceae,,Bacteria,NCBI_Only,No_Match,None,0,0,1,1
Microbulbiferaceae,,Bacteria,NCBI_Only,No_Match,None,0,0,96,60
Microvenatoraceae,,Bacteria,NCBI_Only,No_Match,None,0,0,3,2
Microviridae,,Unknown,NCBI_Only,No_Match,None,0,0,4676,1082
Mimiviridae,,Unknown,NCBI_Only,No_Match,None,0,0,62,46
Minisyncoccaceae,,Bacteria,NCBI_Only,No_Match,None,0,0,3,2
Mitoviridae,,Unknown,NCBI_Only,No_Match,None,0,0,182,176
Molycolviridae,,Unknown,NCBI_Only,No_Match,None,0,0,6,6
Mononiviridae,,Unknown,NCBI_Only,No_Match,None,0,0,1,1
Morganellaceae,,Bacteria,NCBI_Only,No_Match,None,0,0,8457,521
Mymonaviridae,,Unknown,NCBI_Only,No_Match,None,0,0,60,47
Mypoviridae,,Unknown,NCBI_Only,No_Match,None,0,0,1,1
Myriaviridae,,Unknown,NCBI_Only,No_Match,None,0,0,1,1
Nairoviridae,,Unknown,NCBI_Only,No_Match,None,0,0,78,59
Nanghoshaviridae,,Unknown,NCBI_Only,No_Match,None,0,0,1,1
Nanhypoviridae,,Unknown,NCBI_Only,No_Match,None,0,0,1,1
Nanobdellaceae,,Archaea,NCBI_Only,No_Match,None,0,0,1,1
Nanopusillaceae,,Archaea,NCBI_Only,No_Match,None,0,0,41,5
Nanoviridae,,Unknown,NCBI_Only,No_Match,None,0,0,152,17
Naomviridae,,Unknown,NCBI_Only,No_Match,None,0,0,2,2
Narnaviridae,,Unknown,NCBI_Only,No_Match,None,0,0,111,111
Naryaviridae,,Unknown,NCBI_Only,No_Match,None,0,0,5,4
Natareviridae,,Unknown,NCBI_Only,No_Match,None,0,0,1,1
Natranaerovirgaceae,,Bacteria,NCBI_Only,No_Match,None,0,0,2,2
Nenyaviridae,,Unknown,NCBI_Only,No_Match,None,0,0,5,5
Neomegalonemataceae,,Bacteria,NCBI_Only,No_Match,None,0,0,31,3
Nimaviridae,,Unknown,NCBI_Only,No_Match,None,0,0,14,2
Nitrobacteraceae,,Bacteria,NCBI_Only,No_Match,None,0,0,1904,862
Nitrosotaleaceae,,Archaea,NCBI_Only,No_Match,None,0,0,61,8
Nocardiaceae,,Bacteria,NCBI_Only,No_Match,None,0,0,2337,817
Nocardiopsidaceae,,Bacteria,NCBI_Only,No_Match,None,0,0,240,127
Nodaviridae,,Unknown,NCBI_Only,No_Match,None,0,0,86,62
Nodosilineaceae,,Bacteria,NCBI_Only,No_Match,None,0,0,42,24
Nodulariaceae,,Bacteria,NCBI_Only,No_Match,None,0,0,83,22
Noraviridae,,Unknown,NCBI_Only,No_Match,None,0,0,1,1
Notoacmeibacteraceae,,Bacteria,NCBI_Only,No_Match,None,0,0,12,7
Novispirillaceae,,Bacteria,NCBI_Only,No_Match,None,0,0,30,11
Nudiviridae,,Unknown,NCBI_Only,No_Match,None,0,0,20,19
Nyamiviridae,,Unknown,NCBI_Only,No_Match,None,0,0,24,24
Oculatellaceae,,Bacteria,NCBI_Only,No_Match,None,0,0,34,25
Oleispirillaceae,,Bacteria,NCBI_Only,No_Match,None,0,0,1,1
Olifoviridae,,Unknown,NCBI_Only,No_Match,None,0,0,1,1
Orbaceae,,Bacteria,NCBI_Only,No_Match,None,0,0,325,169
Orlajensenviridae,,Unknown,NCBI_Only,No_Match,None,0,0,101,101
Ornithinimicrobiaceae,,Bacteria,NCBI_Only,No_Match,None,0,0,63,35
Orthoherpesviridae,,Unknown,NCBI_Only,No_Match,None,0,0,1774,129
Orthomyxoviridae,,Unknown,NCBI_Only,No_Match,None,0,0,126621,27
Oscillochloridaceae,,Bacteria,NCBI_Only,No_Match,None,0,0,46,13
Ovaliviridae,,Unknown,NCBI_Only,No_Match,None,0,0,2,2
Owenweeksiaceae,,Bacteria,NCBI_Only,No_Match,None,0,0,46,6
Oxalobacteraceae,,Bacteria,NCBI_Only,No_Match,None,0,0,1177,553
Pachyviridae,,Unknown,NCBI_Only,No_Match,None,0,0,5,5
Papillomaviridae,,Unknown,NCBI_Only,No_Match,None,0,0,654,255
Paraconexibacteraceae,,Bacteria,NCBI_Only,No_Match,None,0,0,12,5
Paramyxoviridae,,Unknown,NCBI_Only,No_Match,None,0,0,266,149
Partitiviridae,,Unknown,NCBI_Only,No_Match,None,0,0,234,207
Parvoviridae,,Unknown,NCBI_Only,No_Match,None,0,0,398,268
Pasteuriaceae,,Bacteria,NCBI_Only,No_Match,None,0,0,2,2
Patulibacteraceae,,Bacteria,NCBI_Only,No_Match,None,0,0,17,9
Paulinoviridae,,Unknown,NCBI_Only,No_Match,None,0,0,14,4
Pectobacteriaceae,,Bacteria,NCBI_Only,No_Match,None,0,0,1154,101
Peduoviridae,,Unknown,NCBI_Only,No_Match,None,0,0,296,247
Pelagicoccaceae,,Bacteria,NCBI_Only,No_Match,None,0,0,12,8
Pelobacteraceae,,Bacteria,NCBI_Only,No_Match,None,0,0,2,1
Pendulisporaceae,,Bacteria,NCBI_Only,No_Match,None,0,0,4,3
Peptoclostridiaceae,,Bacteria,NCBI_Only,No_Match,None,0,0,7,6
Peribunyaviridae,,Unknown,NCBI_Only,No_Match,None,0,0,272,146
Perlucidibacaceae,,Bacteria,NCBI_Only,No_Match,None,0,0,10,4
Permutotetraviridae,,Unknown,NCBI_Only,No_Match,None,0,0,15,15
Persicobacteraceae,,Bacteria,NCBI_Only,No_Match,None,0,0,8,7
Pervagoviridae,,Unknown,NCBI_Only,No_Match,None,0,0,5,5
Petrachlorosaceae,,Bacteria,NCBI_Only,No_Match,None,0,0,1,1
Phaeocystidibacteraceae,,Bacteria,NCBI_Only,No_Match,None,0,0,3,2
Phasmaviridae,,Unknown,NCBI_Only,No_Match,None,0,0,46,46
Phenuiviridae,,Unknown,NCBI_Only,No_Match,None,0,0,469,192
Phycodnaviridae,,Unknown,NCBI_Only,No_Match,None,0,0,110,101
Phyllobacteriaceae,,Bacteria,NCBI_Only,No_Match,None,0,0,2154,1082
Picobirnaviridae,,Unknown,NCBI_Only,No_Match,None,0,0,19,17
Picornaviridae,,Unknown,NCBI_Only,No_Match,None,0,0,1038,271
Picrophilaceae,,Archaea,NCBI_Only,No_Match,None,0,0,3,2
Plasmaviridae,,Unknown,NCBI_Only,No_Match,None,0,0,1,1
Plectroviridae,,Unknown,NCBI_Only,No_Match,None,0,0,6,6
Pleioneaceae,,Bacteria,NCBI_Only,No_Match,None,0,0,13,10
Pleolipoviridae,,Unknown,NCBI_Only,No_Match,None,0,0,21,21
Pneumoviridae,,Unknown,NCBI_Only,No_Match,None,0,0,234,9
Polycipiviridae,,Unknown,NCBI_Only,No_Match,None,0,0,26,25
Polydnaviriformidae,,Unknown,NCBI_Only,No_Match,None,0,0,22,21
Polymycoviridae,,Unknown,NCBI_Only,No_Match,None,0,0,21,16
Polyomaviridae,,Unknown,NCBI_Only,No_Match,None,0,0,234,203
Pootjesviridae,,Unknown,NCBI_Only,No_Match,None,0,0,14,14
Portogloboviridae,,Unknown,NCBI_Only,No_Match,None,0,0,2,2
Pospiviroidae,,Unknown,NCBI_Only,No_Match,None,0,0,54,42
Potyviridae,,Unknown,NCBI_Only,No_Match,None,0,0,355,298
Poxviridae,,Unknown,NCBI_Only,No_Match,None,0,0,7863,80
Promicromonosporaceae,,Bacteria,NCBI_Only,No_Match,None,0,0,230,123
Propylenellaceae,,Bacteria,NCBI_Only,No_Match,None,0,0,7,3
Pseudoalteromonadaceae,,Bacteria,NCBI_Only,No_Match,None,0,0,962,526
Pseudoviridae,,Unknown,NCBI_Only,No_Match,None,0,0,1,1
Pungoviridae,,Unknown,NCBI_Only,No_Match,None,0,0,1,1
Pyrstoviridae,,Unknown,NCBI_Only,No_Match,None,0,0,1,1
Qinviridae,,Unknown,NCBI_Only,No_Match,None,0,0,9,9
Quadriviridae,,Unknown,NCBI_Only,No_Match,None,0,0,5,3
Raineyaceae,,Bacteria,NCBI_Only,No_Match,None,0,0,11,3
Rarobacteraceae,,Bacteria,NCBI_Only,No_Match,None,0,0,4,2
Redondoviridae,,Unknown,NCBI_Only,No_Match,None,0,0,30,3
Reticulibacteraceae,,Bacteria,NCBI_Only,No_Match,None,0,0,1,1
Retroviridae,,Unknown,NCBI_Only,No_Match,None,0,0,818,106
Rhabdaerophilaceae,,Bacteria,NCBI_Only,No_Match,None,0,0,11,4
Rhabdoviridae,,Unknown,NCBI_Only,No_Match,None,0,0,519,410
Rhizonemataceae,,Bacteria,NCBI_Only,No_Match,None,0,0,3,3
Rhodoblastaceae,,Bacteria,NCBI_Only,No_Match,None,0,0,63,6
Rhodoligotrophaceae,,Bacteria,NCBI_Only,No_Match,None,0,0,3,3
Rivulariaceae,,Bacteria,NCBI_Only,No_Match,None,0,0,15,9
Robiginitomaculaceae,,Bacteria,NCBI_Only,No_Match,None,0,0,170,16
Roniviridae,,Unknown,NCBI_Only,No_Match,None,0,0,4,4
Roseiarcaceae,,Bacteria,NCBI_Only,No_Match,None,0,0,44,4
Roseivirgaceae,,Bacteria,NCBI_Only,No_Match,None,0,0,162,22
Roseobacteraceae,,Bacteria,NCBI_Only,No_Match,None,0,0,3457,1264
Roseomonadaceae,,Bacteria,NCBI_Only,No_Match,None,0,0,275,105
Rountreeviridae,,Unknown,NCBI_Only,No_Match,None,0,0,94,84
Ruaniaceae,,Bacteria,NCBI_Only,No_Match,None,0,0,24,16
Rubritaleaceae,,Bacteria,NCBI_Only,No_Match,None,0,0,23,8
Rudiviridae,,Unknown,NCBI_Only,No_Match,None,0,0,23,19
Saeziaceae,,Bacteria,NCBI_Only,No_Match,None,0,0,2,1
Saffermanviridae,,Unknown,NCBI_Only,No_Match,None,0,0,12,12
Salaquimonadaceae,,Bacteria,NCBI_Only,No_Match,None,0,0,10,3
Salasmaviridae,,Unknown,NCBI_Only,No_Match,None,0,0,61,52
Salinarimonadaceae,,Bacteria,NCBI_Only,No_Match,None,0,0,16,9
Salsipaludibacteraceae,,Bacteria,NCBI_Only,No_Match,None,0,0,1,1
Sanguibacteraceae,,Bacteria,NCBI_Only,No_Match,None,0,0,22,14
Saparoviridae,,Unknown,NCBI_Only,No_Match,None,0,0,2,2
Sarthroviridae,,Unknown,NCBI_Only,No_Match,None,0,0,8,1
Schitoviridae,,Unknown,NCBI_Only,No_Match,None,0,0,244,203
Schizomimiviridae,,Unknown,NCBI_Only,No_Match,None,0,0,3,2
Scytonemataceae,,Bacteria,NCBI_Only,No_Match,None,0,0,36,24
Secoviridae,,Unknown,NCBI_Only,No_Match,None,0,0,143,130
Sedoreoviridae,,Unknown,NCBI_Only,No_Match,None,0,0,3029,65
Segniliparaceae,,Bacteria,NCBI_Only,No_Match,None,0,0,2,2
Shiellaceae,,Bacteria,NCBI_Only,No_Match,None,0,0,1,1
Shortaselviridae,,Unknown,NCBI_Only,No_Match,None,0,0,2,2
Shumkoniaceae,,Bacteria,NCBI_Only,No_Match,None,0,0,1,1
Simuloviridae,,Unknown,NCBI_Only,No_Match,None,0,0,4,3
Sinhaliviridae,,Unknown,NCBI_Only,No_Match,None,0,0,12,10
Sirenicapillariaceae,,Bacteria,NCBI_Only,No_Match,None,0,0,51,35
Skuldviridae,,Unknown,NCBI_Only,No_Match,None,0,0,2,2
Smacoviridae,,Unknown,NCBI_Only,No_Match,None,0,0,174,113
Soleiviridae,,Unknown,NCBI_Only,No_Match,None,0,0,2,2
Solemoviridae,,Unknown,NCBI_Only,No_Match,None,0,0,150,130
Solinviviridae,,Unknown,NCBI_Only,No_Match,None,0,0,15,14
Solspiviridae,,Unknown,NCBI_Only,No_Match,None,0,0,31,31
Speluncibacteraceae,,Bacteria,NCBI_Only,No_Match,None,0,0,2,1
Sphaerolipoviridae,,Unknown,NCBI_Only,No_Match,None,0,0,4,4
Sphaerotilaceae,,Bacteria,NCBI_Only,No_Match,None,0,0,818,188
Sphingosinicellaceae,,Bacteria,NCBI_Only,No_Match,None,0,0,139,50
Spinareoviridae,,Unknown,NCBI_Only,No_Match,None,0,0,131,62
Spiraviridae,,Unknown,NCBI_Only,No_Match,None,0,0,1,1
Splendidivirgaceae,,Bacteria,NCBI_Only,No_Match,None,0,0,2,2
Stanwilliamsviridae,,Unknown,NCBI_Only,No_Match,None,0,0,81,64
Steigviridae,,Unknown,NCBI_Only,No_Match,None,0,0,43,43
Steitzviridae,,Unknown,NCBI_Only,No_Match,None,0,0,412,412
Sterolibacteriaceae,,Bacteria,NCBI_Only,No_Match,None,0,0,239,33
Stigonemataceae,,Bacteria,NCBI_Only,No_Match,None,0,0,5,4
Stomatohabitantaceae,,Bacteria,NCBI_Only,No_Match,None,0,0,2,1
Straboviridae,,Unknown,NCBI_Only,No_Match,None,0,0,933,733
Sunviridae,,Unknown,NCBI_Only,No_Match,None,0,0,1,1
Suolaviridae,,Unknown,NCBI_Only,No_Match,None,0,0,1,1
Suoliviridae,,Unknown,NCBI_Only,No_Match,None,0,0,39,36
Sutterellaceae,,Bacteria,NCBI_Only,No_Match,None,0,0,2056,52
Symphyonemataceae,,Bacteria,NCBI_Only,No_Match,None,0,0,1,1
Tectiviridae,,Unknown,NCBI_Only,No_Match,None,0,0,95,84
Temperatibacteraceae,,Bacteria,NCBI_Only,No_Match,None,0,0,2,2
Tepidibacteraceae,,Bacteria,NCBI_Only,No_Match,None,0,0,3,2
Termitinemataceae,,Bacteria,NCBI_Only,No_Match,None,0,0,8,1
Terrirubraceae,,Bacteria,NCBI_Only,No_Match,None,0,0,1,1
Thaspiviridae,,Unknown,NCBI_Only,No_Match,None,0,0,7,1
Thermatribacteraceae,,Bacteria,NCBI_Only,No_Match,None,0,0,1,1
Thermoanaerobacterales Family III. Incertae Sedis,,Bacteria,NCBI_Only,No_Match,None,0,0,14,3
Thermoanaerobacterales Family IV. Incertae Sedis,,Bacteria,NCBI_Only,No_Match,None,0,0,2,2
Thermogemmatisporaceae,,Bacteria,NCBI_Only,No_Match,None,0,0,9,5
Thermomonosporaceae,,Bacteria,NCBI_Only,No_Match,None,0,0,244,174
Thermosporotrichaceae,,Bacteria,NCBI_Only,No_Match,None,0,0,2,1
Thioalkalibacteraceae,,Bacteria,NCBI_Only,No_Match,None,0,0,32,12
Thioalkalispiraceae,,Bacteria,NCBI_Only,No_Match,None,0,0,10,1
Thioalkalivibrionaceae,,Bacteria,NCBI_Only,No_Match,None,0,0,1,1
Thiofilaceae,,Bacteria,NCBI_Only,No_Match,None,0,0,4,2
Thiohalophilaceae,,Bacteria,NCBI_Only,No_Match,None,0,0,13,3
Thiolinaceae,,Bacteria,NCBI_Only,No_Match,None,0,0,12,2
Thiovibrionaceae,,Bacteria,NCBI_Only,No_Match,None,0,0,1,1
Thorselliaceae,,Bacteria,NCBI_Only,No_Match,None,0,0,2,2
Tobaniviridae,,Unknown,NCBI_Only,No_Match,None,0,0,33,28
Togaviridae,,Unknown,NCBI_Only,No_Match,None,0,0,75,46
Tolecusatellitidae,,Unknown,NCBI_Only,No_Match,None,0,0,318,166
Tolypothrichaceae,,Bacteria,NCBI_Only,No_Match,None,0,0,23,17
Tombusviridae,,Unknown,NCBI_Only,No_Match,None,0,0,176,167
Tospoviridae,,Unknown,NCBI_Only,No_Match,None,0,0,50,38
Totiviridae,,Unknown,NCBI_Only,No_Match,None,0,0,273,265
Treboniaceae,,Bacteria,NCBI_Only,No_Match,None,0,0,78,3
Tristromaviridae,,Unknown,NCBI_Only,No_Match,None,0,0,3,3
Tropherymataceae,,Bacteria,NCBI_Only,No_Match,None,0,0,21,1
Tsukamurellaceae,,Bacteria,NCBI_Only,No_Match,None,0,0,52,22
Tulasviridae,,Unknown,NCBI_Only,No_Match,None,0,0,1,1
Turriviridae,,Unknown,NCBI_Only,No_Match,None,0,0,2,2
Tymoviridae,,Unknown,NCBI_Only,No_Match,None,0,0,66,65
Ungulaviridae,,Unknown,NCBI_Only,No_Match,None,0,0,1,1
Vallicoccaceae,,Bacteria,NCBI_Only,No_Match,None,0,0,1,1
Ventosimonadaceae,,Bacteria,NCBI_Only,No_Match,None,0,0,8,2
Verdandiviridae,,Unknown,NCBI_Only,No_Match,None,0,0,3,3
Vertoviridae,,Unknown,NCBI_Only,No_Match,None,0,0,4,3
Vilmaviridae,,Unknown,NCBI_Only,No_Match,None,0,0,99,87
Vilyaviridae,,Unknown,NCBI_Only,No_Match,None,0,0,28,11
Virgaviridae,,Unknown,NCBI_Only,No_Match,None,0,0,115,112
Vulcanimicrobiaceae,,Bacteria,NCBI_Only,No_Match,None,0,0,147,12
Wilmottiaceae,,Bacteria,NCBI_Only,No_Match,None,0,0,1,1
Winmispiraceae,,Bacteria,NCBI_Only,No_Match,None,0,0,1,1
Winoviridae,,Unknown,NCBI_Only,No_Match,None,0,0,12,10
Wupedeviridae,,Unknown,NCBI_Only,No_Match,None,0,0,1,1
Xinmoviridae,,Unknown,NCBI_Only,No_Match,None,0,0,29,24
Yadokariviridae,,Unknown,NCBI_Only,No_Match,None,0,0,14,11
Yangangviridae,,Unknown,NCBI_Only,No_Match,None,0,0,3,3
Yanlukaviridae,,Unknown,NCBI_Only,No_Match,None,0,0,1,1
Yaraviridae,,Unknown,NCBI_Only,No_Match,None,0,0,1,1
Yeguiaceae,,Bacteria,NCBI_Only,No_Match,None,0,0,1,1
Yersiniaceae,,Bacteria,NCBI_Only,No_Match,None,0,0,12506,284
Yueviridae,,Unknown,NCBI_Only,No_Match,None,0,0,3,3
Zierdtviridae,,Unknown,NCBI_Only,No_Match,None,0,0,58,55
Zobellviridae,,Unknown,NCBI_Only,No_Match,None,0,0,77,66
Zoogloeaceae,,Bacteria,NCBI_Only,No_Match,None,0,0,404,85
Zymomonadaceae,,Bacteria,NCBI_Only,No_Match,None,0,0,59,2
